#
# There is insufficient memory for the Java Runtime Environment to continue.
# Native memory allocation (mmap) failed to map 65536 bytes for Failed to commit metaspace.
# Possible reasons:
#   The system is out of physical RAM or swap space
#   The process is running with CompressedOops enabled, and the Java Heap may be blocking the growth of the native heap
# Possible solutions:
#   Reduce memory load on the system
#   Increase physical memory or swap space
#   Check if swap backing store is full
#   Decrease Java heap size (-Xmx/-Xms)
#   Decrease number of Java threads
#   Decrease Java thread stack sizes (-Xss)
#   Set larger code cache with -XX:ReservedCodeCacheSize=
#   JVM is running with Unscaled Compressed Oops mode in which the Java heap is
#     placed in the first 4GB address space. The Java Heap base address is the
#     maximum limit for the native heap growth. Please use -XX:HeapBaseMinAddress
#     to set the Java Heap base and to place the Java Heap above 4GB virtual address.
# This output file may be truncated or incomplete.
#
#  Out of Memory Error (virtualSpaceNode.cpp:112), pid=14672, tid=22812
#
# JRE version: OpenJDK Runtime Environment (21.0.1+12) (build 21.0.1+12-29)
# Java VM: OpenJDK 64-Bit Server VM (21.0.1+12-29, mixed mode, emulated-client, sharing, tiered, compressed oops, compressed class ptrs, g1 gc, windows-amd64)
# No core dump will be written. Minidumps are not enabled by default on client versions of Windows
#

---------------  S U M M A R Y ------------

Command Line: -XX:TieredStopAtLevel=1 -Dspring.output.ansi.enabled=always -Dcom.sun.management.jmxremote -Dspring.jmx.enabled=true -Dspring.liveBeansView.mbeanDomain -Dspring.application.admin.enabled=true -Dmanagement.endpoints.jmx.exposure.include=* -javaagent:C:\Program Files\JetBrains\IntelliJ IDEA 2026.1\lib\idea_rt.jar=49215 -Dfile.encoding=UTF-8 -Dsun.stdout.encoding=UTF-8 -Dsun.stderr.encoding=UTF-8 com.autoskola.trainingservice.TrainingServiceApplication

Host: Intel(R) Core(TM) i5-8265U CPU @ 1.60GHz, 8 cores, 7G,  Windows 10 , 64 bit Build 19041 (10.0.19041.5915)
Time: Mon Jun  8 12:52:29 2026 Central European Daylight Time elapsed time: 29.289408 seconds (0d 0h 0m 29s)

---------------  T H R E A D  ---------------

Current thread (0x000001e7e246c0c0):  JavaThread "main"             [_thread_in_vm, id=22812, stack(0x0000002eb0400000,0x0000002eb0500000) (1024K)]

Stack: [0x0000002eb0400000,0x0000002eb0500000]
Native frames: (J=compiled Java code, j=interpreted, Vv=VM code, C=native code)
V  [jvm.dll+0x6c9029]
V  [jvm.dll+0x854b81]
V  [jvm.dll+0x856e5e]
V  [jvm.dll+0x857543]
V  [jvm.dll+0x280c06]
V  [jvm.dll+0x8508ae]
V  [jvm.dll+0x66ca45]
V  [jvm.dll+0x1e677c]
V  [jvm.dll+0x1e654e]
V  [jvm.dll+0x66f35c]
V  [jvm.dll+0x66f172]
V  [jvm.dll+0x66d41e]
V  [jvm.dll+0x26c581]
V  [jvm.dll+0x2184f7]
V  [jvm.dll+0x20dc4e]
V  [jvm.dll+0x5ac6dc]
V  [jvm.dll+0x7cd7a6]
V  [jvm.dll+0x46fd60]
V  [jvm.dll+0x4759e8]
C  [java.dll+0x17ec]

Java frames: (J=compiled Java code, j=interpreted, Vv=VM code)
J 1540  java.lang.ClassLoader.defineClass1(Ljava/lang/ClassLoader;Ljava/lang/String;[BIILjava/security/ProtectionDomain;Ljava/lang/String;)Ljava/lang/Class; java.base@21.0.1 (0 bytes) @ 0x000001e7eadae591 [0x000001e7eadae4c0+0x00000000000000d1]
J 1569 c1 java.lang.ClassLoader.defineClass(Ljava/lang/String;[BIILjava/security/ProtectionDomain;)Ljava/lang/Class; java.base@21.0.1 (43 bytes) @ 0x000001e7eadbc0fc [0x000001e7eadbbfe0+0x000000000000011c]
J 1570 c1 jdk.internal.loader.BuiltinClassLoader.defineClass(Ljava/lang/String;Ljdk/internal/loader/Resource;)Ljava/lang/Class; java.base@21.0.1 (121 bytes) @ 0x000001e7eadbdea4 [0x000001e7eadbd940+0x0000000000000564]
J 1564 c1 jdk.internal.loader.BuiltinClassLoader.findClassOnClassPathOrNull(Ljava/lang/String;)Ljava/lang/Class; java.base@21.0.1 (64 bytes) @ 0x000001e7eadba844 [0x000001e7eadba560+0x00000000000002e4]
J 1391 c1 jdk.internal.loader.BuiltinClassLoader.loadClassOrNull(Ljava/lang/String;Z)Ljava/lang/Class; java.base@21.0.1 (143 bytes) @ 0x000001e7ead6620c [0x000001e7ead65e00+0x000000000000040c]
J 1500 c1 jdk.internal.loader.ClassLoaders$AppClassLoader.loadClass(Ljava/lang/String;Z)Ljava/lang/Class; java.base@21.0.1 (40 bytes) @ 0x000001e7ead9950c [0x000001e7ead994c0+0x000000000000004c]
J 1497 c1 java.lang.ClassLoader.loadClass(Ljava/lang/String;)Ljava/lang/Class; java.base@21.0.1 (7 bytes) @ 0x000001e7ead98a14 [0x000001e7ead989c0+0x0000000000000054]
v  ~StubRoutines::call_stub 0x000001e7ea8a100d
j  org.hibernate.query.hql.internal.StandardHqlTranslator.parseHql(Ljava/lang/String;)Lorg/hibernate/grammars/hql/HqlParser$StatementContext;+0
j  org.hibernate.query.hql.internal.StandardHqlTranslator.translate(Ljava/lang/String;Ljava/lang/Class;)Lorg/hibernate/query/sqm/tree/SqmStatement;+13
j  org.hibernate.query.internal.QueryInterpretationCacheStandardImpl.createHqlInterpretation(Ljava/lang/String;Ljava/lang/Class;Lorg/hibernate/query/hql/HqlTranslator;Lorg/hibernate/stat/spi/StatisticsImplementor;)Lorg/hibernate/query/spi/HqlInterpretation;+25
j  org.hibernate.query.internal.QueryInterpretationCacheStandardImpl.resolveHqlInterpretation(Ljava/lang/String;Ljava/lang/Class;Lorg/hibernate/query/hql/HqlTranslator;)Lorg/hibernate/query/spi/HqlInterpretation;+132
j  org.hibernate.internal.AbstractSharedSessionContract.interpretHql(Ljava/lang/String;Ljava/lang/Class;)Lorg/hibernate/query/spi/HqlInterpretation;+24
j  org.hibernate.internal.AbstractSharedSessionContract.createQuery(Ljava/lang/String;Ljava/lang/Class;)Lorg/hibernate/query/spi/QueryImplementor;+15
j  org.hibernate.internal.AbstractSharedSessionContract.createQuery(Ljava/lang/String;)Lorg/hibernate/query/spi/QueryImplementor;+3
j  org.hibernate.internal.AbstractSharedSessionContract.createQuery(Ljava/lang/String;)Lorg/hibernate/query/Query;+2
j  java.lang.invoke.LambdaForm$DMH+0x000001e7810d4000.invokeInterface(Ljava/lang/Object;Ljava/lang/Object;Ljava/lang/Object;)Ljava/lang/Object;+24 java.base@21.0.1
j  java.lang.invoke.LambdaForm$MH+0x000001e781118400.invoke(Ljava/lang/Object;Ljava/lang/Object;Ljava/lang/Object;)Ljava/lang/Object;+52 java.base@21.0.1
J 3826 c1 jdk.internal.reflect.DirectMethodHandleAccessor.invoke(Ljava/lang/Object;[Ljava/lang/Object;)Ljava/lang/Object; java.base@21.0.1 (92 bytes) @ 0x000001e7eb168894 [0x000001e7eb168580+0x0000000000000314]
J 3912 c1 java.lang.reflect.Method.invoke(Ljava/lang/Object;[Ljava/lang/Object;)Ljava/lang/Object; java.base@21.0.1 (108 bytes) @ 0x000001e7eb189cdc [0x000001e7eb189b00+0x00000000000001dc]
j  org.springframework.orm.jpa.ExtendedEntityManagerCreator$ExtendedEntityManagerInvocationHandler.invoke(Ljava/lang/Object;Ljava/lang/reflect/Method;[Ljava/lang/Object;)Ljava/lang/Object;+480
j  jdk.proxy2.$Proxy175.createQuery(Ljava/lang/String;)Ljakarta/persistence/Query;+16 jdk.proxy2
j  org.springframework.data.jpa.repository.query.SimpleJpaQuery.validateQuery(Ljava/lang/String;Ljava/lang/String;[Ljava/lang/Object;)V+33
j  org.springframework.data.jpa.repository.query.SimpleJpaQuery.<init>(Lorg/springframework/data/jpa/repository/query/JpaQueryMethod;Ljakarta/persistence/EntityManager;Ljava/lang/String;Ljava/lang/String;Lorg/springframework/data/jpa/repository/QueryRewriter;Lorg/springframework/data/repository/query/QueryMethodEvaluationContextProvider;Lorg/springframework/expression/spel/standard/SpelExpressionParser;)V+35
j  org.springframework.data.jpa.repository.query.JpaQueryFactory.fromMethodWithQueryString(Lorg/springframework/data/jpa/repository/query/JpaQueryMethod;Ljakarta/persistence/EntityManager;Ljava/lang/String;Ljava/lang/String;Lorg/springframework/data/jpa/repository/QueryRewriter;Lorg/springframework/data/repository/query/QueryMethodEvaluationContextProvider;)Lorg/springframework/data/jpa/repository/query/AbstractJpaQuery;+59
j  org.springframework.data.jpa.repository.query.JpaQueryLookupStrategy$DeclaredQueryLookupStrategy.resolveQuery(Lorg/springframework/data/jpa/repository/query/JpaQueryMethod;Lorg/springframework/data/jpa/repository/QueryRewriter;Ljakarta/persistence/EntityManager;Lorg/springframework/data/repository/core/NamedQueries;)Lorg/springframework/data/repository/query/RepositoryQuery;+76
j  org.springframework.data.jpa.repository.query.JpaQueryLookupStrategy$CreateIfNotFoundQueryLookupStrategy.resolveQuery(Lorg/springframework/data/jpa/repository/query/JpaQueryMethod;Lorg/springframework/data/jpa/repository/QueryRewriter;Ljakarta/persistence/EntityManager;Lorg/springframework/data/repository/core/NamedQueries;)Lorg/springframework/data/repository/query/RepositoryQuery;+9
j  org.springframework.data.jpa.repository.query.JpaQueryLookupStrategy$AbstractQueryLookupStrategy.resolveQuery(Ljava/lang/reflect/Method;Lorg/springframework/data/repository/core/RepositoryMetadata;Lorg/springframework/data/projection/ProjectionFactory;Lorg/springframework/data/repository/core/NamedQueries;)Lorg/springframework/data/repository/query/RepositoryQuery;+34
j  org.springframework.data.repository.core.support.QueryExecutorMethodInterceptor.lookupQuery(Ljava/lang/reflect/Method;Lorg/springframework/data/repository/core/RepositoryInformation;Lorg/springframework/data/repository/query/QueryLookupStrategy;Lorg/springframework/data/projection/ProjectionFactory;)Lorg/springframework/data/util/Pair;+10
j  org.springframework.data.repository.core.support.QueryExecutorMethodInterceptor.mapMethodsToQuery(Lorg/springframework/data/repository/core/RepositoryInformation;Lorg/springframework/data/repository/query/QueryLookupStrategy;Lorg/springframework/data/projection/ProjectionFactory;)Ljava/util/Map;+50
j  org.springframework.data.repository.core.support.QueryExecutorMethodInterceptor.lambda$new$0(Lorg/springframework/data/repository/core/RepositoryInformation;Lorg/springframework/data/projection/ProjectionFactory;Lorg/springframework/data/repository/query/QueryLookupStrategy;)Ljava/util/Map;+4
j  org.springframework.data.repository.core.support.QueryExecutorMethodInterceptor$$Lambda+0x000001e7819e9408.apply(Ljava/lang/Object;)Ljava/lang/Object;+16
J 7452 c1 java.util.Optional.map(Ljava/util/function/Function;)Ljava/util/Optional; java.base@21.0.1 (30 bytes) @ 0x000001e7eb663ce4 [0x000001e7eb663c60+0x0000000000000084]
j  org.springframework.data.repository.core.support.QueryExecutorMethodInterceptor.<init>(Lorg/springframework/data/repository/core/RepositoryInformation;Lorg/springframework/data/projection/ProjectionFactory;Ljava/util/Optional;Lorg/springframework/data/repository/core/NamedQueries;Ljava/util/List;Ljava/util/List;)V+111
j  org.springframework.data.repository.core.support.RepositoryFactorySupport.getRepository(Ljava/lang/Class;Lorg/springframework/data/repository/core/support/RepositoryComposition$RepositoryFragments;)Ljava/lang/Object;+415
j  org.springframework.data.repository.core.support.RepositoryFactoryBeanSupport.lambda$afterPropertiesSet$5(Lorg/springframework/data/repository/core/support/RepositoryComposition$RepositoryFragments;)Lorg/springframework/data/repository/Repository;+9
j  org.springframework.data.repository.core.support.RepositoryFactoryBeanSupport$$Lambda+0x000001e7819c8218.get()Ljava/lang/Object;+8
J 7492 c1 org.springframework.data.util.Lazy.get()Ljava/lang/Object; (21 bytes) @ 0x000001e7eb6719ac [0x000001e7eb671940+0x000000000000006c]
j  org.springframework.data.repository.core.support.RepositoryFactoryBeanSupport.afterPropertiesSet()V+232
j  org.springframework.data.jpa.repository.support.JpaRepositoryFactoryBean.afterPropertiesSet()V+18
J 8040 c1 org.springframework.beans.factory.support.AbstractAutowireCapableBeanFactory.invokeInitMethods(Ljava/lang/String;Ljava/lang/Object;Lorg/springframework/beans/factory/support/RootBeanDefinition;)V (161 bytes) @ 0x000001e7eb74a324 [0x000001e7eb74a060+0x00000000000002c4]
J 8031 c1 org.springframework.beans.factory.support.AbstractAutowireCapableBeanFactory.initializeBean(Ljava/lang/String;Ljava/lang/Object;Lorg/springframework/beans/factory/support/RootBeanDefinition;)Ljava/lang/Object; (93 bytes) @ 0x000001e7eb74698c [0x000001e7eb7468a0+0x00000000000000ec]
J 8022 c1 org.springframework.beans.factory.support.AbstractAutowireCapableBeanFactory.doCreateBean(Ljava/lang/String;Lorg/springframework/beans/factory/support/RootBeanDefinition;[Ljava/lang/Object;)Ljava/lang/Object; (469 bytes) @ 0x000001e7eb73d64c [0x000001e7eb73cf60+0x00000000000006ec]
J 8021 c1 org.springframework.beans.factory.support.AbstractAutowireCapableBeanFactory.createBean(Ljava/lang/String;Lorg/springframework/beans/factory/support/RootBeanDefinition;[Ljava/lang/Object;)Ljava/lang/Object; (214 bytes) @ 0x000001e7eb73bbcc [0x000001e7eb73b720+0x00000000000004ac]
J 8024 c1 org.springframework.beans.factory.support.AbstractBeanFactory$$Lambda+0x000001e78125a850.getObject()Ljava/lang/Object; (20 bytes) @ 0x000001e7eb74018c [0x000001e7eb740120+0x000000000000006c]
J 8023 c1 org.springframework.beans.factory.support.DefaultSingletonBeanRegistry.getSingleton(Ljava/lang/String;Lorg/springframework/beans/factory/ObjectFactory;)Ljava/lang/Object; (279 bytes) @ 0x000001e7eb740e04 [0x000001e7eb740ac0+0x0000000000000344]
J 3596 c1 org.springframework.beans.factory.support.AbstractBeanFactory.doGetBean(Ljava/lang/String;Ljava/lang/Class;[Ljava/lang/Object;Z)Ljava/lang/Object; (740 bytes) @ 0x000001e7eb104c54 [0x000001e7eb1045a0+0x00000000000006b4]
J 7742 c1 org.springframework.beans.factory.support.AbstractBeanFactory.getBean(Ljava/lang/String;)Ljava/lang/Object; (9 bytes) @ 0x000001e7eb6dcf1c [0x000001e7eb6dcec0+0x000000000000005c]
j  org.springframework.beans.factory.config.DependencyDescriptor.resolveCandidate(Ljava/lang/String;Ljava/lang/Class;Lorg/springframework/beans/factory/BeanFactory;)Ljava/lang/Object;+2
j  org.springframework.beans.factory.support.DefaultListableBeanFactory.doResolveDependency(Lorg/springframework/beans/factory/config/DependencyDescriptor;Ljava/lang/String;Ljava/util/Set;Lorg/springframework/beans/TypeConverter;)Ljava/lang/Object;+473
j  org.springframework.beans.factory.support.DefaultListableBeanFactory.resolveDependency(Lorg/springframework/beans/factory/config/DependencyDescriptor;Ljava/lang/String;Ljava/util/Set;Lorg/springframework/beans/TypeConverter;)Ljava/lang/Object;+117
j  org.springframework.beans.factory.support.ConstructorResolver.resolveAutowiredArgument(Lorg/springframework/beans/factory/config/DependencyDescriptor;Ljava/lang/Class;Ljava/lang/String;Ljava/util/Set;Lorg/springframework/beans/TypeConverter;Z)Ljava/lang/Object;+53
j  org.springframework.beans.factory.support.ConstructorResolver.createArgumentArray(Ljava/lang/String;Lorg/springframework/beans/factory/support/RootBeanDefinition;Lorg/springframework/beans/factory/config/ConstructorArgumentValues;Lorg/springframework/beans/BeanWrapper;[Ljava/lang/Class;[Ljava/lang/String;Ljava/lang/reflect/Executable;ZZ)Lorg/springframework/beans/factory/support/ConstructorResolver$ArgumentsHolder;+420
j  org.springframework.beans.factory.support.ConstructorResolver.autowireConstructor(Ljava/lang/String;Lorg/springframework/beans/factory/support/RootBeanDefinition;[Ljava/lang/reflect/Constructor;[Ljava/lang/Object;)Lorg/springframework/beans/BeanWrapper;+530
J 7771 c1 org.springframework.beans.factory.support.AbstractAutowireCapableBeanFactory.createBeanInstance(Ljava/lang/String;Lorg/springframework/beans/factory/support/RootBeanDefinition;[Ljava/lang/Object;)Lorg/springframework/beans/BeanWrapper; (241 bytes) @ 0x000001e7eb6ebfb4 [0x000001e7eb6eb8a0+0x0000000000000714]
J 8022 c1 org.springframework.beans.factory.support.AbstractAutowireCapableBeanFactory.doCreateBean(Ljava/lang/String;Lorg/springframework/beans/factory/support/RootBeanDefinition;[Ljava/lang/Object;)Ljava/lang/Object; (469 bytes) @ 0x000001e7eb73d10c [0x000001e7eb73cf60+0x00000000000001ac]
J 8021 c1 org.springframework.beans.factory.support.AbstractAutowireCapableBeanFactory.createBean(Ljava/lang/String;Lorg/springframework/beans/factory/support/RootBeanDefinition;[Ljava/lang/Object;)Ljava/lang/Object; (214 bytes) @ 0x000001e7eb73bbcc [0x000001e7eb73b720+0x00000000000004ac]
J 8024 c1 org.springframework.beans.factory.support.AbstractBeanFactory$$Lambda+0x000001e78125a850.getObject()Ljava/lang/Object; (20 bytes) @ 0x000001e7eb74018c [0x000001e7eb740120+0x000000000000006c]
J 8023 c1 org.springframework.beans.factory.support.DefaultSingletonBeanRegistry.getSingleton(Ljava/lang/String;Lorg/springframework/beans/factory/ObjectFactory;)Ljava/lang/Object; (279 bytes) @ 0x000001e7eb740e04 [0x000001e7eb740ac0+0x0000000000000344]
J 3596 c1 org.springframework.beans.factory.support.AbstractBeanFactory.doGetBean(Ljava/lang/String;Ljava/lang/Class;[Ljava/lang/Object;Z)Ljava/lang/Object; (740 bytes) @ 0x000001e7eb104c54 [0x000001e7eb1045a0+0x00000000000006b4]
J 7742 c1 org.springframework.beans.factory.support.AbstractBeanFactory.getBean(Ljava/lang/String;)Ljava/lang/Object; (9 bytes) @ 0x000001e7eb6dcf1c [0x000001e7eb6dcec0+0x000000000000005c]
j  org.springframework.beans.factory.config.DependencyDescriptor.resolveCandidate(Ljava/lang/String;Ljava/lang/Class;Lorg/springframework/beans/factory/BeanFactory;)Ljava/lang/Object;+2
j  org.springframework.beans.factory.support.DefaultListableBeanFactory.doResolveDependency(Lorg/springframework/beans/factory/config/DependencyDescriptor;Ljava/lang/String;Ljava/util/Set;Lorg/springframework/beans/TypeConverter;)Ljava/lang/Object;+473
j  org.springframework.beans.factory.support.DefaultListableBeanFactory.resolveDependency(Lorg/springframework/beans/factory/config/DependencyDescriptor;Ljava/lang/String;Ljava/util/Set;Lorg/springframework/beans/TypeConverter;)Ljava/lang/Object;+117
j  org.springframework.beans.factory.support.ConstructorResolver.resolveAutowiredArgument(Lorg/springframework/beans/factory/config/DependencyDescriptor;Ljava/lang/Class;Ljava/lang/String;Ljava/util/Set;Lorg/springframework/beans/TypeConverter;Z)Ljava/lang/Object;+53
j  org.springframework.beans.factory.support.ConstructorResolver.createArgumentArray(Ljava/lang/String;Lorg/springframework/beans/factory/support/RootBeanDefinition;Lorg/springframework/beans/factory/config/ConstructorArgumentValues;Lorg/springframework/beans/BeanWrapper;[Ljava/lang/Class;[Ljava/lang/String;Ljava/lang/reflect/Executable;ZZ)Lorg/springframework/beans/factory/support/ConstructorResolver$ArgumentsHolder;+420
j  org.springframework.beans.factory.support.ConstructorResolver.autowireConstructor(Ljava/lang/String;Lorg/springframework/beans/factory/support/RootBeanDefinition;[Ljava/lang/reflect/Constructor;[Ljava/lang/Object;)Lorg/springframework/beans/BeanWrapper;+530
J 7771 c1 org.springframework.beans.factory.support.AbstractAutowireCapableBeanFactory.createBeanInstance(Ljava/lang/String;Lorg/springframework/beans/factory/support/RootBeanDefinition;[Ljava/lang/Object;)Lorg/springframework/beans/BeanWrapper; (241 bytes) @ 0x000001e7eb6ebfb4 [0x000001e7eb6eb8a0+0x0000000000000714]
J 8022 c1 org.springframework.beans.factory.support.AbstractAutowireCapableBeanFactory.doCreateBean(Ljava/lang/String;Lorg/springframework/beans/factory/support/RootBeanDefinition;[Ljava/lang/Object;)Ljava/lang/Object; (469 bytes) @ 0x000001e7eb73d10c [0x000001e7eb73cf60+0x00000000000001ac]
J 8021 c1 org.springframework.beans.factory.support.AbstractAutowireCapableBeanFactory.createBean(Ljava/lang/String;Lorg/springframework/beans/factory/support/RootBeanDefinition;[Ljava/lang/Object;)Ljava/lang/Object; (214 bytes) @ 0x000001e7eb73bbcc [0x000001e7eb73b720+0x00000000000004ac]
J 8024 c1 org.springframework.beans.factory.support.AbstractBeanFactory$$Lambda+0x000001e78125a850.getObject()Ljava/lang/Object; (20 bytes) @ 0x000001e7eb74018c [0x000001e7eb740120+0x000000000000006c]
J 8023 c1 org.springframework.beans.factory.support.DefaultSingletonBeanRegistry.getSingleton(Ljava/lang/String;Lorg/springframework/beans/factory/ObjectFactory;)Ljava/lang/Object; (279 bytes) @ 0x000001e7eb740e04 [0x000001e7eb740ac0+0x0000000000000344]
J 3596 c1 org.springframework.beans.factory.support.AbstractBeanFactory.doGetBean(Ljava/lang/String;Ljava/lang/Class;[Ljava/lang/Object;Z)Ljava/lang/Object; (740 bytes) @ 0x000001e7eb104c54 [0x000001e7eb1045a0+0x00000000000006b4]
J 7742 c1 org.springframework.beans.factory.support.AbstractBeanFactory.getBean(Ljava/lang/String;)Ljava/lang/Object; (9 bytes) @ 0x000001e7eb6dcf1c [0x000001e7eb6dcec0+0x000000000000005c]
j  org.springframework.beans.factory.support.DefaultListableBeanFactory.preInstantiateSingletons()V+152
j  org.springframework.context.support.AbstractApplicationContext.finishBeanFactoryInitialization(Lorg/springframework/beans/factory/config/ConfigurableListableBeanFactory;)V+130
j  org.springframework.context.support.AbstractApplicationContext.refresh()V+94
j  org.springframework.boot.web.servlet.context.ServletWebServerApplicationContext.refresh()V+1
j  org.springframework.boot.SpringApplication.refresh(Lorg/springframework/context/ConfigurableApplicationContext;)V+1
j  org.springframework.boot.SpringApplication.refreshContext(Lorg/springframework/context/ConfigurableApplicationContext;)V+16
j  org.springframework.boot.SpringApplication.run([Ljava/lang/String;)Lorg/springframework/context/ConfigurableApplicationContext;+110
j  org.springframework.boot.SpringApplication.run([Ljava/lang/Class;[Ljava/lang/String;)Lorg/springframework/context/ConfigurableApplicationContext;+9
j  org.springframework.boot.SpringApplication.run(Ljava/lang/Class;[Ljava/lang/String;)Lorg/springframework/context/ConfigurableApplicationContext;+9
j  com.autoskola.trainingservice.TrainingServiceApplication.main([Ljava/lang/String;)V+3
v  ~StubRoutines::call_stub 0x000001e7ea8a100d

Compiled method (n/a)   29372 1540     n 0       java.lang.ClassLoader::defineClass1 (native)
 total in heap  [0x000001e7eadae310,0x000001e7eadae970] = 1632
 relocation     [0x000001e7eadae470,0x000001e7eadae4a8] = 56
 main code      [0x000001e7eadae4c0,0x000001e7eadae96f] = 1199
 stub code      [0x000001e7eadae96f,0x000001e7eadae970] = 1

[Constant Pool (empty)]

[MachCode]
[Entry Point]
  # {method} {0x000001e78043b6a0} 'defineClass1' '(Ljava/lang/ClassLoader;Ljava/lang/String;[BIILjava/security/ProtectionDomain;Ljava/lang/String;)Ljava/lang/Class;' in 'java/lang/ClassLoader'
  # parm0:    rdx:rdx   = 'java/lang/ClassLoader'
  # parm1:    r8:r8     = 'java/lang/String'
  # parm2:    r9:r9     = '[B'
  # parm3:    rdi       = int
  # parm4:    rsi       = int
  # parm5:    rcx:rcx   = 'java/security/ProtectionDomain'
  # parm6:    [sp+0xa0]   = 'java/lang/String'  (sp of caller)
  0x000001e7eadae4c0: 448b 5208 | 49bb 0000 | 0080 e701 | 0000 4d03 | d349 3bc2 | 0f84 0600 

  0x000001e7eadae4d8: ;   {runtime_call ic_miss_stub}
  0x000001e7eadae4d8: 0000 e9a1 | 02b4 ff90 
[Verified Entry Point]
  0x000001e7eadae4e0: 8984 2400 | 80ff ff55 | 488b ec48 | 81ec 9000 | 0000 6690 | 4181 7f20 | 0b00 0000 

  0x000001e7eadae4fc: ;   {runtime_call StubRoutines (final stubs)}
  0x000001e7eadae4fc: 7405 e85d | 68b2 ff48 | 837d 1000 | 488d 4510 | 480f 4445 | 1048 8944 | 2440 4889 | 4c24 7048 
  0x000001e7eadae51c: 83f9 0048 | 8d44 2470 | 480f 4444 | 2470 4889 | 4424 3848 | 8974 2430 | 4889 7c24 | 284c 894c 
  0x000001e7eadae53c: 2458 4983 | f900 488d | 4424 5848 | 0f44 4424 | 5848 8944 | 2420 4c89 | 4424 5049 | 83f8 004c 
  0x000001e7eadae55c: 8d4c 2450 | 4c0f 444c | 2450 4889 | 5424 4848 | 83fa 004c | 8d44 2448 | 4c0f 4444 

  0x000001e7eadae578: ;   {oop(a 'java/lang/Class'{0x0000000082558880} = 'java/lang/ClassLoader')}
  0x000001e7eadae578: 2448 49be | 8088 5582 | 0000 0000 | 4c89 7424 | 784c 8d74 | 2478 498b | d6c5 f877 

  0x000001e7eadae594: ;   {internal_word}
  0x000001e7eadae594: 49ba 91e5 | daea e701 | 0000 4d89 | 97a0 0300 | 0049 89a7 | 9803 0000 

  0x000001e7eadae5ac: ;   {external_word}
  0x000001e7eadae5ac: 49ba c925 | 4a6a fd7f | 0000 4180 | 3a00 0f84 | 4e00 0000 | 5241 5041 

  0x000001e7eadae5c4: ;   {metadata({method} {0x000001e78043b6a0} 'defineClass1' '(Ljava/lang/ClassLoader;Ljava/lang/String;[BIILjava/security/ProtectionDomain;Ljava/lang/String;)Ljava/lang/Class;' in 'java/lang/ClassLoader')}
  0x000001e7eadae5c4: 5148 ba98 | b643 80e7 | 0100 0049 | 8bcf 4883 | ec20 40f6 | c40f 0f84 | 1900 0000 | 4883 ec08 
  0x000001e7eadae5e4: ;   {runtime_call}
  0x000001e7eadae5e4: 48b8 30eb | fa69 fd7f | 0000 ffd0 | 4883 c408 | e90c 0000 

  0x000001e7eadae5f8: ;   {runtime_call}
  0x000001e7eadae5f8: 0048 b830 | ebfa 69fd | 7f00 00ff | d048 83c4 | 2041 5941 | 585a 498d | 8fb8 0300 | 0041 c787 
  0x000001e7eadae618: 4c04 0000 | 0400 0000 

  0x000001e7eadae620: ;   {runtime_call}
  0x000001e7eadae620: 48b8 ac16 | 11ce fd7f | 0000 ffd0 | c5f8 7741 | c787 4c04 | 0000 0500 | 0000 f083 | 4424 c000 
  0x000001e7eadae640: 493b af50 | 0400 000f | 870e 0000 | 0041 83bf | 4804 0000 | 000f 842b | 0000 00c5 | f877 4889 
  0x000001e7eadae660: 45f8 498b | cf4c 8be4 | 4883 ec20 | 4883 e4f0 

  0x000001e7eadae670: ;   {runtime_call}
  0x000001e7eadae670: 48b8 c0be | c669 fd7f | 0000 ffd0 | 498b e44d | 33e4 488b | 45f8 41c7 | 874c 0400 | 0008 0000 
  0x000001e7eadae690: 0041 83bf | c804 0000 | 020f 84a3 

  0x000001e7eadae69c: ;   {external_word}
  0x000001e7eadae69c: 0200 0049 | bac9 254a | 6afd 7f00 | 0041 803a | 000f 844c | 0000 0048 

  0x000001e7eadae6b4: ;   {metadata({method} {0x000001e78043b6a0} 'defineClass1' '(Ljava/lang/ClassLoader;Ljava/lang/String;[BIILjava/security/ProtectionDomain;Ljava/lang/String;)Ljava/lang/Class;' in 'java/lang/ClassLoader')}
  0x000001e7eadae6b4: 8945 f848 | ba98 b643 | 80e7 0100 | 0049 8bcf | 4883 ec20 | 40f6 c40f | 0f84 1900 | 0000 4883 
  0x000001e7eadae6d4: ;   {runtime_call}
  0x000001e7eadae6d4: ec08 48b8 | 30eb fa69 | fd7f 0000 | ffd0 4883 | c408 e90c 

  0x000001e7eadae6e8: ;   {runtime_call}
  0x000001e7eadae6e8: 0000 0048 | b830 ebfa | 69fd 7f00 | 00ff d048 | 83c4 2048 | 8b45 f849 | c787 9803 | 0000 0000 
  0x000001e7eadae708: 0000 49c7 | 87a0 0300 | 0000 0000 | 00c5 f877 | 4885 c00f | 84fe 0100 | 00a8 030f | 8508 0000 
  0x000001e7eadae728: 0048 8b00 | e9ee 0100 | 00a8 010f | 8509 0000 | 0048 8b40 | fee9 dd01 | 0000 488b | 40ff 4180 
  0x000001e7eadae748: 7f40 000f | 84ce 0100 | 0048 83f8 | 000f 84c4 | 0100 0049 | 8b4f 2848 | 83f9 000f | 8414 0000 
  0x000001e7eadae768: 0048 83e9 | 0849 894f | 2849 034f | 3848 8901 | e9a2 0100 | 0048 81ec | d000 0000 | 4889 0424 
  0x000001e7eadae788: 4889 4c24 | 0848 8954 | 2410 4889 | 7424 1848 | 897c 2420 | 4c89 4424 | 284c 894c | 2430 4c89 
  0x000001e7eadae7a8: 5424 384c | 895c 2440 | c5fb 1144 | 2450 c5fb | 114c 2458 | c5fb 1154 | 2460 c5fb | 115c 2468 
  0x000001e7eadae7c8: c5fb 1164 | 2470 c5fb | 116c 2478 | c5fb 11b4 | 2480 0000 | 00c5 fb11 | bc24 8800 | 0000 c57b 
  0x000001e7eadae7e8: ;   {no_reloc}
  0x000001e7eadae7e8: 1184 2490 | 0000 00c5 | 7b11 8c24 | 9800 0000 | c57b 1194 | 24a0 0000 | 00c5 7b11 | 9c24 a800 
  0x000001e7eadae808: 0000 c57b | 11a4 24b0 | 0000 00c5 | 7b11 ac24 | b800 0000 | c57b 11b4 | 24c0 0000 | 00c5 7b11 
  0x000001e7eadae828: bc24 c800 | 0000 498b | d748 8bc8 | 4883 ec20 | 40f6 c40f | 0f84 1900 | 0000 4883 

  0x000001e7eadae844: ;   {runtime_call}
  0x000001e7eadae844: ec08 48b8 | b022 ba69 | fd7f 0000 | ffd0 4883 | c408 e90c 

  0x000001e7eadae858: ;   {runtime_call}
  0x000001e7eadae858: 0000 0048 | b8b0 22ba | 69fd 7f00 | 00ff d048 | 83c4 20c5 | 7b10 bc24 | c800 0000 | c57b 10b4 
  0x000001e7eadae878: 24c0 0000 | 00c5 7b10 | ac24 b800 | 0000 c57b | 10a4 24b0 | 0000 00c5 | 7b10 9c24 | a800 0000 
  0x000001e7eadae898: c57b 1094 | 24a0 0000 | 00c5 7b10 | 8c24 9800 | 0000 c57b | 1084 2490 | 0000 00c5 | fb10 bc24 
  0x000001e7eadae8b8: 8800 0000 | c5fb 10b4 | 2480 0000 | 00c5 fb10 | 6c24 78c5 | fb10 6424 | 70c5 fb10 | 5c24 68c5 
  0x000001e7eadae8d8: fb10 5424 | 60c5 fb10 | 4c24 58c5 | fb10 4424 | 504c 8b5c | 2440 4c8b | 5424 384c | 8b4c 2430 
  0x000001e7eadae8f8: 4c8b 4424 | 2848 8b7c | 2420 488b | 7424 1848 | 8b54 2410 | 488b 4c24 | 0848 8b04 | 2448 81c4 
  0x000001e7eadae918: d000 0000 | c5f8 7749 | 8b8f 2804 | 0000 c781 | 0001 0000 | 0000 0000 | c949 837f | 0800 0f85 
  0x000001e7eadae938: 0100 0000 

  0x000001e7eadae93c: ;   {runtime_call StubRoutines (initial stubs)}
  0x000001e7eadae93c: c3e9 be25 | afff c5f8 | 7748 8945 | f84c 8be4 | 4883 ec20 | 4883 e4f0 

  0x000001e7eadae954: ;   {runtime_call}
  0x000001e7eadae954: 48b8 6023 | fb69 fd7f | 0000 ffd0 | 498b e44d | 33e4 488b | 45f8 e930 | fdff fff4 
[/MachCode]


Compiled method (c1)   29407 1569       1       java.lang.ClassLoader::defineClass (43 bytes)
 total in heap  [0x000001e7eadbbe10,0x000001e7eadbc3d0] = 1472
 relocation     [0x000001e7eadbbf70,0x000001e7eadbbfe0] = 112
 main code      [0x000001e7eadbbfe0,0x000001e7eadbc1a0] = 448
 stub code      [0x000001e7eadbc1a0,0x000001e7eadbc218] = 120
 metadata       [0x000001e7eadbc218,0x000001e7eadbc248] = 48
 scopes data    [0x000001e7eadbc248,0x000001e7eadbc300] = 184
 scopes pcs     [0x000001e7eadbc300,0x000001e7eadbc3a0] = 160
 dependencies   [0x000001e7eadbc3a0,0x000001e7eadbc3a8] = 8
 nul chk table  [0x000001e7eadbc3a8,0x000001e7eadbc3d0] = 40

[Constant Pool (empty)]

[MachCode]
[Entry Point]
  # {method} {0x000001e78043ba20} 'defineClass' '(Ljava/lang/String;[BIILjava/security/ProtectionDomain;)Ljava/lang/Class;' in 'java/lang/ClassLoader'
  # this:     rdx:rdx   = 'java/lang/ClassLoader'
  # parm0:    r8:r8     = 'java/lang/String'
  # parm1:    r9:r9     = '[B'
  # parm2:    rdi       = int
  # parm3:    rsi       = int
  # parm4:    rcx:rcx   = 'java/security/ProtectionDomain'
  #           [sp+0xc0]  (sp of caller)
  0x000001e7eadbbfe0: 448b 5208 | 49bb 0000 | 0080 e701 | 0000 4d03 | d34c 3bd0 

  0x000001e7eadbbff4: ;   {runtime_call ic_miss_stub}
  0x000001e7eadbbff4: 0f85 8627 | b3ff 660f | 1f44 0000 
[Verified Entry Point]
  0x000001e7eadbc000: 8984 2400 | 80ff ff55 | 4881 ecb0 | 0000 0090 | 4181 7f20 | 0b00 0000 

  0x000001e7eadbc018: ;   {runtime_call StubRoutines (final stubs)}
  0x000001e7eadbc018: 7405 e841 | 8db1 ff48 | 8954 2478 | 89b4 2494 | 0000 0089 | bc24 9000 | 0000 4c89 | 8c24 8800 
  0x000001e7eadbc038: 0000 498b | d84c 8bc3 | 4c8b c948 | 8bca 488b | d148 899c | 2480 0000 | 0066 0f1f 

  0x000001e7eadbc054: ;   {optimized virtual_call}
  0x000001e7eadbc054: 4400 00e8 

  0x000001e7eadbc058: ; ImmutableOopMap {[120]=Oop [128]=Oop [136]=Oop }
                      ;*invokevirtual preDefineClass {reexecute=0 rethrow=0 return_oop=0}
                      ; - java.lang.ClassLoader::defineClass@4 (line 1025)
  0x000001e7eadbc058: 64d1 ffff 

  0x000001e7eadbc05c: ;   {other}
  0x000001e7eadbc05c: 0f1f 8400 | 4c02 0000 | 4889 8424 | 9800 0000 

  0x000001e7eadbc06c: ; implicit exception: dispatches to 0x000001e7eadbc14a
  0x000001e7eadbc06c: 448b 4010 | 4983 f800 | 0f85 0f00 

  0x000001e7eadbc078: ;   {oop(nullptr)}
  0x000001e7eadbc078: 0000 48bb | 0000 0000 | 0000 0000 | e93e 0000 | 0045 8b40 | 0c49 83f8 | 000f 850f 

  0x000001e7eadbc094: ;   {oop(nullptr)}
  0x000001e7eadbc094: 0000 0048 | bb00 0000 | 0000 0000 | 00e9 2100 | 0000 418b | 5038 483b 

  0x000001e7eadbc0ac: ;   {optimized virtual_call}
  0x000001e7eadbc0ac: 0266 90e8 

  0x000001e7eadbc0b0: ; ImmutableOopMap {[120]=Oop [128]=Oop [136]=Oop [152]=Oop }
                      ;*invokevirtual toExternalForm {reexecute=0 rethrow=0 return_oop=0}
                      ; - java.net.URL::toExternalForm@5 (line 1203)
                      ; - java.net.URL::toString@1 (line 1189)
                      ; - java.lang.ClassLoader::defineClassSourceLocation@22 (line 927)
                      ; - java.lang.ClassLoader::defineClass@12 (line 1026)
  0x000001e7eadbc0b0: 4c4d fcff 

  0x000001e7eadbc0b4: ;   {other}
  0x000001e7eadbc0b4: 0f1f 8400 | a402 0001 | 488b d848 | 8b84 2498 | 0000 008b | b424 9400 | 0000 8bbc | 2490 0000 
  0x000001e7eadbc0d4: 004c 8b8c | 2488 0000 | 004c 8b84 | 2480 0000 | 0048 8b54 | 2478 4c8b | da49 8bd3 | 488b c848 
  0x000001e7eadbc0f4: ;   {static_call}
  0x000001e7eadbc0f4: 891c 24e8 

  0x000001e7eadbc0f8: ; ImmutableOopMap {[120]=Oop [152]=Oop }
                      ;*invokestatic defineClass1 {reexecute=0 rethrow=0 return_oop=0}
                      ; - java.lang.ClassLoader::defineClass@27 (line 1027)
  0x000001e7eadbc0f8: e423 ffff 

  0x000001e7eadbc0fc: ;   {other}
  0x000001e7eadbc0fc: 0f1f 8400 | ec02 0002 | 4c8b c04c | 8b8c 2498 | 0000 0048 | 8b54 2478 | 4889 8424 | a000 0000 
  0x000001e7eadbc11c: ;   {optimized virtual_call}
  0x000001e7eadbc11c: 6666 90e8 

  0x000001e7eadbc120: ; ImmutableOopMap {[160]=Oop }
                      ;*invokevirtual postDefineClass {reexecute=0 rethrow=0 return_oop=0}
                      ; - java.lang.ClassLoader::defineClass@37 (line 1028)
  0x000001e7eadbc120: 5cf0 ffff 

  0x000001e7eadbc124: ;   {other}
  0x000001e7eadbc124: 0f1f 8400 | 1403 0003 | 488b 8424 | a000 0000 | 4881 c4b0 | 0000 005d 

  0x000001e7eadbc13c: ;   {poll_return}
  0x000001e7eadbc13c: 493b a750 | 0400 000f | 8715 0000 

  0x000001e7eadbc148: ;   {runtime_call throw_null_pointer_exception Runtime1 stub}
  0x000001e7eadbc148: 00c3 e8b1 

  0x000001e7eadbc14c: ; ImmutableOopMap {rax=Oop [120]=Oop [128]=Oop [136]=Oop [152]=Oop }
                      ;*invokevirtual getCodeSource {reexecute=0 rethrow=0 return_oop=0}
                      ; - java.lang.ClassLoader::defineClassSourceLocation@1 (line 924)
                      ; - java.lang.ClassLoader::defineClass@12 (line 1026)
                      ;   {runtime_call throw_null_pointer_exception Runtime1 stub}
  0x000001e7eadbc14c: a3be ffe8 

  0x000001e7eadbc150: ; ImmutableOopMap {rax=Oop [120]=Oop [128]=Oop [136]=Oop [152]=Oop }
                      ;*invokevirtual getLocation {reexecute=0 rethrow=0 return_oop=0}
                      ; - java.lang.ClassLoader::defineClassSourceLocation@12 (line 926)
                      ; - java.lang.ClassLoader::defineClass@12 (line 1026)
  0x000001e7eadbc150: aca3 beff 

  0x000001e7eadbc154: ;   {runtime_call throw_null_pointer_exception Runtime1 stub}
  0x000001e7eadbc154: e8a7 a3be 

  0x000001e7eadbc158: ; ImmutableOopMap {r8=Oop [120]=Oop [128]=Oop [136]=Oop [152]=Oop }
                      ;*invokevirtual toString {reexecute=0 rethrow=0 return_oop=0}
                      ; - java.lang.ClassLoader::defineClassSourceLocation@22 (line 927)
                      ; - java.lang.ClassLoader::defineClass@12 (line 1026)
                      ;   {runtime_call throw_null_pointer_exception Runtime1 stub}
  0x000001e7eadbc158: ffe8 a2a3 

  0x000001e7eadbc15c: ; ImmutableOopMap {r8=Oop rdx=Oop [120]=Oop [128]=Oop [136]=Oop [152]=Oop }
                      ;*invokevirtual toExternalForm {reexecute=0 rethrow=0 return_oop=0}
                      ; - java.net.URL::toExternalForm@5 (line 1203)
                      ; - java.net.URL::toString@1 (line 1189)
                      ; - java.lang.ClassLoader::defineClassSourceLocation@22 (line 927)
                      ; - java.lang.ClassLoader::defineClass@12 (line 1026)
                      ;   {internal_word}
  0x000001e7eadbc15c: beff 49ba | 3cc1 dbea | e701 0000 | 4d89 9768 

  0x000001e7eadbc16c: ;   {runtime_call SafepointBlob}
  0x000001e7eadbc16c: 0400 00e9 | 8c95 b3ff | 498b 8700 | 0500 0049 | c787 0005 | 0000 0000 | 0000 49c7 | 8708 0500 
  0x000001e7eadbc18c: 0000 0000 | 0048 81c4 | b000 0000 

  0x000001e7eadbc198: ;   {runtime_call unwind_exception Runtime1 stub}
  0x000001e7eadbc198: 5de9 6294 | beff f4f4 
[Stub Code]
  0x000001e7eadbc1a0: ;   {no_reloc}
  0x000001e7eadbc1a0: 0f1f 4400 

  0x000001e7eadbc1a4: ;   {static_stub}
  0x000001e7eadbc1a4: 0048 bb00 | 0000 0000 

  0x000001e7eadbc1ac: ;   {runtime_call}
  0x000001e7eadbc1ac: 0000 00e9 | fbff ffff 

  0x000001e7eadbc1b4: ;   {static_stub}
  0x000001e7eadbc1b4: 48bb 0000 | 0000 0000 

  0x000001e7eadbc1bc: ;   {runtime_call}
  0x000001e7eadbc1bc: 0000 e9fb 

  0x000001e7eadbc1c0: ;   {static_stub}
  0x000001e7eadbc1c0: ffff ff48 | bb00 0000 | 0000 0000 

  0x000001e7eadbc1cc: ;   {runtime_call}
  0x000001e7eadbc1cc: 00e9 fbff 

  0x000001e7eadbc1d0: ;   {static_stub}
  0x000001e7eadbc1d0: ffff 48bb | 0000 0000 | 0000 0000 

  0x000001e7eadbc1dc: ;   {runtime_call}
  0x000001e7eadbc1dc: e9fb ffff 

  0x000001e7eadbc1e0: ;   {runtime_call handle_exception_from_callee Runtime1 stub}
  0x000001e7eadbc1e0: ffe8 1ac1 

  0x000001e7eadbc1e4: ;   {external_word}
  0x000001e7eadbc1e4: beff 48b9 | e027 226a | fd7f 0000 | 4883 e4f0 

  0x000001e7eadbc1f4: ;   {runtime_call}
  0x000001e7eadbc1f4: 48b8 e00f | ea69 fd7f | 0000 ffd0 

  0x000001e7eadbc200: ;   {section_word}
  0x000001e7eadbc200: f449 ba01 | c2db eae7 | 0100 0041 

  0x000001e7eadbc20c: ;   {runtime_call DeoptimizationBlob}
  0x000001e7eadbc20c: 52e9 8e87 | b3ff f4f4 | f4f4 f4f4 
[/MachCode]


Compiled method (c1)   29427 1570       1       jdk.internal.loader.BuiltinClassLoader::defineClass (121 bytes)
 total in heap  [0x000001e7eadbd690,0x000001e7eadbe5b0] = 3872
 relocation     [0x000001e7eadbd7f0,0x000001e7eadbd938] = 328
 main code      [0x000001e7eadbd940,0x000001e7eadbe010] = 1744
 stub code      [0x000001e7eadbe010,0x000001e7eadbe130] = 288
 metadata       [0x000001e7eadbe130,0x000001e7eadbe178] = 72
 scopes data    [0x000001e7eadbe178,0x000001e7eadbe3d0] = 600
 scopes pcs     [0x000001e7eadbe3d0,0x000001e7eadbe570] = 416
 dependencies   [0x000001e7eadbe570,0x000001e7eadbe578] = 8
 handler table  [0x000001e7eadbe578,0x000001e7eadbe590] = 24
 nul chk table  [0x000001e7eadbe590,0x000001e7eadbe5b0] = 32

[Constant Pool (empty)]

[MachCode]
[Entry Point]
  # {method} {0x000001e7800697e8} 'defineClass' '(Ljava/lang/String;Ljdk/internal/loader/Resource;)Ljava/lang/Class;' in 'jdk/internal/loader/BuiltinClassLoader'
  # this:     rdx:rdx   = 'jdk/internal/loader/BuiltinClassLoader'
  # parm0:    r8:r8     = 'java/lang/String'
  # parm1:    r9:r9     = 'jdk/internal/loader/Resource'
  #           [sp+0x110]  (sp of caller)
  0x000001e7eadbd940: 448b 5208 | 49bb 0000 | 0080 e701 | 0000 4d03 | d34c 3bd0 

  0x000001e7eadbd954: ;   {runtime_call ic_miss_stub}
  0x000001e7eadbd954: 0f85 260e | b3ff 660f | 1f44 0000 
[Verified Entry Point]
  0x000001e7eadbd960: 8984 2400 | 80ff ff55 | 4881 ec00 | 0100 0090 | 4181 7f20 | 0b00 0000 

  0x000001e7eadbd978: ;   {runtime_call StubRoutines (final stubs)}
  0x000001e7eadbd978: 7405 e8e1 | 73b1 ff48 | 8994 24a0 | 0000 004c | 8984 2490 | 0000 004c | 898c 2498 | 0000 0049 
  0x000001e7eadbd998: 8bd1 6666 | 9048 b8ff | ffff ffff 

  0x000001e7eadbd9a4: ;   {virtual_call}
  0x000001e7eadbd9a4: ffff ffe8 

  0x000001e7eadbd9a8: ; ImmutableOopMap {[144]=Oop [152]=Oop [160]=Oop }
                      ;*invokevirtual getCodeSourceURL {reexecute=0 rethrow=0 return_oop=0}
                      ; - jdk.internal.loader.BuiltinClassLoader::defineClass@1 (line 842)
  0x000001e7eadbd9a8: 347b dcff 

  0x000001e7eadbd9ac: ;   {other}
  0x000001e7eadbd9ac: 0f1f 8400 | 1c03 0000 | 4889 8424 | a800 0000 | 4c8b 8424 | 9000 0000 

  0x000001e7eadbd9c4: ; implicit exception: dispatches to 0x000001e7eadbdf12
  0x000001e7eadbd9c4: 418b 7014 

  0x000001e7eadbd9c8: ; implicit exception: dispatches to 0x000001e7eadbdf17
  0x000001e7eadbd9c8: 8b56 0c45 | 0fbe 4810 | 498b c9c1 | e118 c1f9 | 18d3 fa48 | 8bfa ffcf | 4183 f900 | ba00 0000 
  0x000001e7eadbd9e8: 000f 8505 | 0000 00ba | 0100 0000 | 83e2 0183 | fa00 488b | d641 b82e | 0000 004c | 8bcf 0f84 
  0x000001e7eadbda08: 1500 0000 

  0x000001e7eadbda0c: ;   {static_call}
  0x000001e7eadbda0c: 6666 90e8 

  0x000001e7eadbda10: ; ImmutableOopMap {[144]=Oop [152]=Oop [160]=Oop [168]=Oop }
                      ;*invokestatic lastIndexOf {reexecute=0 rethrow=0 return_oop=0}
                      ; - java.lang.String::lastIndexOf@13 (line 2569)
                      ; - java.lang.String::lastIndexOf@8 (line 2531)
                      ; - jdk.internal.loader.BuiltinClassLoader::defineClass@8 (line 845)
  0x000001e7eadbda10: ac2b daff 

  0x000001e7eadbda14: ;   {other}
  0x000001e7eadbda14: 0f1f 8400 | 8403 0001 | e913 0000 | 0066 0f1f 

  0x000001e7eadbda24: ;   {static_call}
  0x000001e7eadbda24: 4400 00e8 

  0x000001e7eadbda28: ; ImmutableOopMap {[144]=Oop [152]=Oop [160]=Oop [168]=Oop }
                      ;*invokestatic lastIndexOf {reexecute=0 rethrow=0 return_oop=0}
                      ; - java.lang.String::lastIndexOf@25 (line 2570)
                      ; - java.lang.String::lastIndexOf@8 (line 2531)
                      ; - jdk.internal.loader.BuiltinClassLoader::defineClass@8 (line 845)
  0x000001e7eadbda28: 5416 b3ff 

  0x000001e7eadbda2c: ;   {other}
  0x000001e7eadbda2c: 0f1f 8400 | 9c03 0002 | 83f8 ff0f | 847f 0000 | 0041 b800 | 0000 004c | 8bc8 488b | 9424 9000 
  0x000001e7eadbda4c: ;   {optimized virtual_call}
  0x000001e7eadbda4c: 0000 90e8 

  0x000001e7eadbda50: ; ImmutableOopMap {[144]=Oop [152]=Oop [160]=Oop [168]=Oop }
                      ;*invokevirtual substring {reexecute=0 rethrow=0 return_oop=0}
                      ; - jdk.internal.loader.BuiltinClassLoader::defineClass@23 (line 847)
  0x000001e7eadbda50: aceb ddff 

  0x000001e7eadbda54: ;   {other}
  0x000001e7eadbda54: 0f1f 8400 | c403 0003 | 488b 9424 | 9800 0000 | 4889 8424 | b000 0000 | 9048 b8ff | ffff ffff 
  0x000001e7eadbda74: ;   {virtual_call}
  0x000001e7eadbda74: ffff ffe8 

  0x000001e7eadbda78: ; ImmutableOopMap {[144]=Oop [152]=Oop [160]=Oop [168]=Oop [176]=Oop }
                      ;*invokevirtual getManifest {reexecute=0 rethrow=0 return_oop=0}
                      ; - jdk.internal.loader.BuiltinClassLoader::defineClass@29 (line 848)
  0x000001e7eadbda78: 7c7b dcff 

  0x000001e7eadbda7c: ;   {other}
  0x000001e7eadbda7c: 0f1f 8400 | ec03 0004 | 4c8b 8424 | b000 0000 | 4c8b c848 | 8bbc 24a8 | 0000 0048 | 8b94 24a0 
  0x000001e7eadbda9c: 0000 0066 | 0f1f 4400 | 0048 b828 | 9e06 80e7 

  0x000001e7eadbdaac: ;   {virtual_call}
  0x000001e7eadbdaac: 0100 00e8 

  0x000001e7eadbdab0: ; ImmutableOopMap {[144]=Oop [152]=Oop [160]=Oop [168]=Oop }
                      ;*invokevirtual defineOrCheckPackage {reexecute=0 rethrow=0 return_oop=0}
                      ; - jdk.internal.loader.BuiltinClassLoader::defineClass@40 (line 849)
  0x000001e7eadbdab0: 0ceb ffff 

  0x000001e7eadbdab4: ;   {other}
  0x000001e7eadbdab4: 0f1f 8400 | 2404 0005 | 4c8b 8c24 | 9800 0000 | 488d 9424 | e000 0000 | 4c89 4a08 | 498b 0148 
  0x000001e7eadbdad4: 83c8 0148 | 8902 f049 | 0fb1 110f | 8412 0000 | 0048 2bc4 | 4825 07f0 | ffff 4889 | 020f 8525 
  0x000001e7eadbdaf4: 0400 0049 | ff87 5005 | 0000 418b | 510c 4883 | fa00 0f85 | 5100 0000 | 498b d166 | 0f1f 4400 
  0x000001e7eadbdb14: 0048 b8ff | ffff ffff 

  0x000001e7eadbdb1c: ;   {virtual_call}
  0x000001e7eadbdb1c: ffff ffe8 

  0x000001e7eadbdb20: ; ImmutableOopMap {[144]=Oop [152]=Oop [160]=Oop [168]=Oop [232]=Oop }
                      ;*invokevirtual getInputStream {reexecute=0 rethrow=0 return_oop=0}
                      ; - jdk.internal.loader.Resource::cachedInputStream@9 (line 77)
                      ; - jdk.internal.loader.Resource::getByteBuffer@1 (line 163)
                      ; - jdk.internal.loader.BuiltinClassLoader::defineClass@45 (line 853)
  0x000001e7eadbdb20: 5c77 dcff 

  0x000001e7eadbdb24: ;   {other}
  0x000001e7eadbdb24: 0f1f 8400 | 9404 0006 | 410f be57 | 4083 fa00 | 4c8b 8c24 | 9800 0000 | 0f85 ed03 | 0000 4c8b 
  0x000001e7eadbdb44: d045 8951 | 0c49 8bd1 | 4833 d048 | c1ea 1448 | 83fa 000f | 85ee 0300 | 0041 8b51 | 0c48 8d84 
  0x000001e7eadbdb64: 24e0 0000 | 0048 8b30 | 4885 f60f | 840f 0000 | 0048 8b78 | 08f0 480f | b137 0f85 | df03 0000 
  0x000001e7eadbdb84: 49ff 8f50 | 0500 0048 | 83fa 000f | 8444 0000 

  0x000001e7eadbdb94: ;   {metadata('sun/nio/ByteBuffered')}
  0x000001e7eadbdb94: 0048 b870 | d136 80e7 | 0100 008b | 5a08 49ba | 0000 0080 | e701 0000 | 4903 da48 | 3b43 200f 
  0x000001e7eadbdbb4: 8425 0000 | 0048 3bd8 | 0f84 1c00 | 0000 5350 

  0x000001e7eadbdbc4: ;   {runtime_call slow_subtype_check Runtime1 stub}
  0x000001e7eadbdbc4: e837 b3be | ff5b 5b83 | fb00 0f84 | 0500 0000 | e905 0000 | 0048 33f6 | eb0a 48be | 0100 0000 
  0x000001e7eadbdbe4: 0000 0000 | 83fe 000f | 8470 0000 | 0048 83fa | 000f 8444 

  0x000001e7eadbdbf8: ;   {metadata('sun/nio/ByteBuffered')}
  0x000001e7eadbdbf8: 0000 0048 | bb70 d136 | 80e7 0100 | 008b 7a08 | 49ba 0000 | 0080 e701 | 0000 4903 | fa48 3b5f 
  0x000001e7eadbdc18: 200f 8420 | 0000 0048 | 3bfb 0f84 | 1700 0000 

  0x000001e7eadbdc28: ;   {runtime_call slow_subtype_check Runtime1 stub}
  0x000001e7eadbdc28: 5753 e8d1 | b2be ff5f | 5f83 ff00 | 0f84 3f03 | 0000 e900 | 0000 0066 | 0f1f 4400 | 0048 b8ff 
  0x000001e7eadbdc48: ffff ffff 

  0x000001e7eadbdc4c: ;   {virtual_call}
  0x000001e7eadbdc4c: ffff ffe8 

  0x000001e7eadbdc50: ; ImmutableOopMap {[144]=Oop [152]=Oop [160]=Oop [168]=Oop }
                      ;*invokeinterface getByteBuffer {reexecute=0 rethrow=0 return_oop=0}
                      ; - jdk.internal.loader.Resource::getByteBuffer@16 (line 165)
                      ; - jdk.internal.loader.BuiltinClassLoader::defineClass@45 (line 853)
  0x000001e7eadbdc50: 2c11 b3ff 

  0x000001e7eadbdc54: ;   {other}
  0x000001e7eadbdc54: 0f1f 8400 | c405 0007 | e90a 0000 

  0x000001e7eadbdc60: ;   {oop(nullptr)}
  0x000001e7eadbdc60: 0048 b800 | 0000 0000 | 0000 0048 | 83f8 000f | 8405 0100 | 0048 8984 | 24b8 0000 | 0048 8b94 
  0x000001e7eadbdc80: 2498 0000 | 0048 b8ff | ffff ffff 

  0x000001e7eadbdc8c: ;   {virtual_call}
  0x000001e7eadbdc8c: ffff ffe8 

  0x000001e7eadbdc90: ; ImmutableOopMap {[144]=Oop [160]=Oop [168]=Oop [184]=Oop }
                      ;*invokevirtual getCodeSigners {reexecute=0 rethrow=0 return_oop=0}
                      ; - jdk.internal.loader.BuiltinClassLoader::defineClass@56 (line 855)
  0x000001e7eadbdc90: ec10 b3ff 

  0x000001e7eadbdc94: ;   {other}
  0x000001e7eadbdc94: 0f1f 8400 | 0406 0008 

  0x000001e7eadbdc9c: ;   {metadata('java/security/CodeSource')}
  0x000001e7eadbdc9c: 4c8b c848 | ba70 5d00 | 80e7 0100 | 0049 8b87 | b801 0000 | 488d 7828 | 493b bfc8 | 0100 000f 
  0x000001e7eadbdcbc: 87c1 0200 | 0049 89bf | b801 0000 | 48c7 0001 | 0000 0048 | 8bca 49ba | 0000 0080 | e701 0000 
  0x000001e7eadbdcdc: 492b ca89 | 4808 4833 | c989 480c | 4833 c948 | 8948 1048 | 8948 1848 | 8948 204c | 8b84 24a8 
  0x000001e7eadbdcfc: 0000 0048 | 8bd0 4889 | 8424 c000 | 0000 0f1f 

  0x000001e7eadbdd0c: ;   {optimized virtual_call}
  0x000001e7eadbdd0c: 4400 00e8 

  0x000001e7eadbdd10: ; ImmutableOopMap {[144]=Oop [160]=Oop [184]=Oop [192]=Oop }
                      ;*invokespecial <init> {reexecute=0 rethrow=0 return_oop=0}
                      ; - jdk.internal.loader.BuiltinClassLoader::defineClass@68 (line 856)
  0x000001e7eadbdd10: 6c0d b3ff 

  0x000001e7eadbdd14: ;   {other}
  0x000001e7eadbdd14: 0f1f 8400 | 8406 0009 | 4c8b 8424 | c000 0000 | 488b 9424 | a000 0000 

  0x000001e7eadbdd2c: ;   {optimized virtual_call}
  0x000001e7eadbdd2c: 6666 90e8 

  0x000001e7eadbdd30: ; ImmutableOopMap {[144]=Oop [160]=Oop [184]=Oop }
                      ;*invokevirtual getProtectionDomain {reexecute=0 rethrow=0 return_oop=0}
                      ; - java.security.SecureClassLoader::defineClass@5 (line 182)
                      ; - jdk.internal.loader.BuiltinClassLoader::defineClass@79 (line 857)
  0x000001e7eadbdd30: 4c0d b3ff 

  0x000001e7eadbdd34: ;   {other}
  0x000001e7eadbdd34: 0f1f 8400 | a406 000a | 4c8b 8424 | 9000 0000 | 4c8b 8c24 | b800 0000 | 488b f848 | 8b94 24a0 
  0x000001e7eadbdd54: ;   {optimized virtual_call}
  0x000001e7eadbdd54: 0000 00e8 

  0x000001e7eadbdd58: ; ImmutableOopMap {}
                      ;*invokevirtual defineClass {reexecute=0 rethrow=0 return_oop=0}
                      ; - java.security.SecureClassLoader::defineClass@8 (line 182)
                      ; - jdk.internal.loader.BuiltinClassLoader::defineClass@79 (line 857)
  0x000001e7eadbdd58: 240d b3ff 

  0x000001e7eadbdd5c: ;   {other}
  0x000001e7eadbdd5c: 0f1f 8400 | cc06 000b | 4881 c400 | 0100 005d 

  0x000001e7eadbdd6c: ;   {poll_return}
  0x000001e7eadbdd6c: 493b a750 | 0400 000f | 8716 0200 | 00c3 4c8b | 8c24 9800 | 0000 498b | d148 b8ff | ffff ffff 
  0x000001e7eadbdd8c: ;   {virtual_call}
  0x000001e7eadbdd8c: ffff ffe8 

  0x000001e7eadbdd90: ; ImmutableOopMap {[144]=Oop [152]=Oop [160]=Oop [168]=Oop }
                      ;*invokevirtual getBytes {reexecute=0 rethrow=0 return_oop=0}
                      ; - jdk.internal.loader.BuiltinClassLoader::defineClass@84 (line 859)
  0x000001e7eadbdd90: bc76 dcff 

  0x000001e7eadbdd94: ;   {other}
  0x000001e7eadbdd94: 0f1f 8400 | 0407 000c | 4889 8424 | c800 0000 | 488b 9424 | 9800 0000 | 9048 b8ff | ffff ffff 
  0x000001e7eadbddb4: ;   {virtual_call}
  0x000001e7eadbddb4: ffff ffe8 

  0x000001e7eadbddb8: ; ImmutableOopMap {[144]=Oop [160]=Oop [168]=Oop [200]=Oop }
                      ;*invokevirtual getCodeSigners {reexecute=0 rethrow=0 return_oop=0}
                      ; - jdk.internal.loader.BuiltinClassLoader::defineClass@90 (line 860)
  0x000001e7eadbddb8: c476 dcff 

  0x000001e7eadbddbc: ;   {other}
  0x000001e7eadbddbc: 0f1f 8400 | 2c07 000d 

  0x000001e7eadbddc4: ;   {metadata('java/security/CodeSource')}
  0x000001e7eadbddc4: 4c8b c848 | ba70 5d00 | 80e7 0100 | 0049 8b87 | b801 0000 | 488d 7828 | 493b bfc8 | 0100 000f 
  0x000001e7eadbdde4: 87bc 0100 | 0049 89bf | b801 0000 | 48c7 0001 | 0000 0048 | 8bca 49ba | 0000 0080 | e701 0000 
  0x000001e7eadbde04: 492b ca89 | 4808 4833 | c989 480c | 4833 c948 | 8948 1048 | 8948 1848 | 8948 204c | 8b84 24a8 
  0x000001e7eadbde24: 0000 0048 | 8bd0 4889 | 8424 d000 | 0000 0f1f 

  0x000001e7eadbde34: ;   {optimized virtual_call}
  0x000001e7eadbde34: 4400 00e8 

  0x000001e7eadbde38: ; ImmutableOopMap {[144]=Oop [160]=Oop [200]=Oop [208]=Oop }
                      ;*invokespecial <init> {reexecute=0 rethrow=0 return_oop=0}
                      ; - jdk.internal.loader.BuiltinClassLoader::defineClass@102 (line 861)
  0x000001e7eadbde38: c4c0 ffff 

  0x000001e7eadbde3c: ;   {other}
  0x000001e7eadbde3c: 0f1f 8400 | ac07 000e | 488b 8424 | c800 0000 

  0x000001e7eadbde4c: ; implicit exception: dispatches to 0x000001e7eadbdfb2
  0x000001e7eadbde4c: 8b70 0c4c | 8b84 24d0 | 0000 0048 | 8b94 24a0 | 0000 0089 | b424 d800 

  0x000001e7eadbde64: ;   {optimized virtual_call}
  0x000001e7eadbde64: 0000 90e8 

  0x000001e7eadbde68: ; ImmutableOopMap {[144]=Oop [160]=Oop [200]=Oop }
                      ;*invokevirtual getProtectionDomain {reexecute=0 rethrow=0 return_oop=0}
                      ; - java.security.SecureClassLoader::defineClass@9 (line 150)
                      ; - jdk.internal.loader.BuiltinClassLoader::defineClass@117 (line 862)
  0x000001e7eadbde68: 949d ffff 

  0x000001e7eadbde6c: ;   {other}
  0x000001e7eadbde6c: 0f1f 8400 | dc07 000f | 4c8b 8424 | 9000 0000 | 4c8b 8c24 | c800 0000 | bf00 0000 | 008b b424 
  0x000001e7eadbde8c: d800 0000 | 488b c848 | 8b94 24a0 | 0000 000f 

  0x000001e7eadbde9c: ;   {optimized virtual_call}
  0x000001e7eadbde9c: 1f40 00e8 

  0x000001e7eadbdea0: ; ImmutableOopMap {}
                      ;*invokevirtual defineClass {reexecute=0 rethrow=0 return_oop=0}
                      ; - java.security.SecureClassLoader::defineClass@12 (line 150)
                      ; - jdk.internal.loader.BuiltinClassLoader::defineClass@117 (line 862)
  0x000001e7eadbdea0: 5ce1 ffff 

  0x000001e7eadbdea4: ;   {other}
  0x000001e7eadbdea4: 0f1f 8400 | 1408 0010 | 4881 c400 | 0100 005d 

  0x000001e7eadbdeb4: ;   {poll_return}
  0x000001e7eadbdeb4: 493b a750 | 0400 000f | 87f6 0000 | 00c3 498b | 8700 0500 | 004d 33d2 | 4d89 9700 | 0500 004d 
  0x000001e7eadbded4: 33d2 4d89 | 9708 0500 | 0048 8bf0 | 488d 8424 | e000 0000 | 488b 3848 | 85ff 0f84 | 0f00 0000 
  0x000001e7eadbdef4: 488b 5808 | f048 0fb1 | 3b0f 85ca | 0000 0049 | ff8f 5005 | 0000 488b | c6e9 ee00 

  0x000001e7eadbdf10: ;   {runtime_call throw_null_pointer_exception Runtime1 stub}
  0x000001e7eadbdf10: 0000 e8e9 

  0x000001e7eadbdf14: ; ImmutableOopMap {rax=Oop r8=Oop [144]=Oop [152]=Oop [160]=Oop [168]=Oop }
                      ;*invokevirtual lastIndexOf {reexecute=0 rethrow=0 return_oop=0}
                      ; - jdk.internal.loader.BuiltinClassLoader::defineClass@8 (line 845)
                      ;   {runtime_call throw_null_pointer_exception Runtime1 stub}
  0x000001e7eadbdf14: 85be ffe8 

  0x000001e7eadbdf18: ; ImmutableOopMap {rax=Oop r8=Oop rsi=Oop [144]=Oop [152]=Oop [160]=Oop [168]=Oop }
                      ;*arraylength {reexecute=0 rethrow=0 return_oop=0}
                      ; - java.lang.String::length@4 (line 1519)
                      ; - java.lang.String::lastIndexOf@3 (line 2531)
                      ; - jdk.internal.loader.BuiltinClassLoader::defineClass@8 (line 845)
  0x000001e7eadbdf18: e485 beff | 4c89 4c24 | 0848 8914 

  0x000001e7eadbdf24: ;   {runtime_call monitorenter_nofpu Runtime1 stub}
  0x000001e7eadbdf24: 24e8 d6b5 

  0x000001e7eadbdf28: ; ImmutableOopMap {r9=Oop [144]=Oop [152]=Oop [160]=Oop [168]=Oop [232]=Oop }
                      ;*synchronization entry
                      ; - jdk.internal.loader.Resource::cachedInputStream@-1 (line 76)
                      ; - jdk.internal.loader.Resource::getByteBuffer@1 (line 163)
                      ; - jdk.internal.loader.BuiltinClassLoader::defineClass@45 (line 853)
  0x000001e7eadbdf28: beff e9cf | fbff ff41 | 8b51 0c48 | 83fa 000f | 8405 fcff | ff48 8914 

  0x000001e7eadbdf40: ;   {runtime_call g1_pre_barrier_slow}
  0x000001e7eadbdf40: 24e8 badc | beff e9f7 | fbff ff48 | 83f8 000f | 8408 fcff | ff4c 890c 

  0x000001e7eadbdf58: ;   {runtime_call g1_post_barrier_slow}
  0x000001e7eadbdf58: 24e8 a2df | beff e9fa | fbff ff48 | 8d84 24e0 | 0000 0048 

  0x000001e7eadbdf6c: ;   {runtime_call monitorexit_nofpu Runtime1 stub}
  0x000001e7eadbdf6c: 8904 24e8 | 8cbb beff | e912 fcff | ff48 8914 

  0x000001e7eadbdf7c: ;   {runtime_call throw_class_cast_exception Runtime1 stub}
  0x000001e7eadbdf7c: 24e8 7ea9 

  0x000001e7eadbdf80: ; ImmutableOopMap {[144]=Oop [152]=Oop [160]=Oop [168]=Oop }
                      ;*checkcast {reexecute=0 rethrow=0 return_oop=0}
                      ; - jdk.internal.loader.Resource::getByteBuffer@13 (line 165)
                      ; - jdk.internal.loader.BuiltinClassLoader::defineClass@45 (line 853)
  0x000001e7eadbdf80: beff 488b 

  0x000001e7eadbdf84: ;   {runtime_call fast_new_instance Runtime1 stub}
  0x000001e7eadbdf84: d2e8 768e 

  0x000001e7eadbdf88: ; ImmutableOopMap {r9=Oop [144]=Oop [160]=Oop [168]=Oop [184]=Oop }
                      ;*new {reexecute=0 rethrow=0 return_oop=0}
                      ; - jdk.internal.loader.BuiltinClassLoader::defineClass@61 (line 856)
  0x000001e7eadbdf88: beff e968 

  0x000001e7eadbdf8c: ;   {internal_word}
  0x000001e7eadbdf8c: fdff ff49 | ba6c dddb | eae7 0100 | 004d 8997 | 6804 0000 

  0x000001e7eadbdfa0: ;   {runtime_call SafepointBlob}
  0x000001e7eadbdfa0: e95b 77b3 | ff48 8bd2 

  0x000001e7eadbdfa8: ;   {runtime_call fast_new_instance Runtime1 stub}
  0x000001e7eadbdfa8: e853 8ebe 

  0x000001e7eadbdfac: ; ImmutableOopMap {r9=Oop [144]=Oop [160]=Oop [168]=Oop [200]=Oop }
                      ;*new {reexecute=0 rethrow=0 return_oop=0}
                      ; - jdk.internal.loader.BuiltinClassLoader::defineClass@95 (line 861)
  0x000001e7eadbdfac: ffe9 6dfe 

  0x000001e7eadbdfb0: ;   {runtime_call throw_null_pointer_exception Runtime1 stub}
  0x000001e7eadbdfb0: ffff e849 

  0x000001e7eadbdfb4: ; ImmutableOopMap {rax=Oop [144]=Oop [160]=Oop [200]=Oop [208]=Oop }
                      ;*arraylength {reexecute=0 rethrow=0 return_oop=0}
                      ; - jdk.internal.loader.BuiltinClassLoader::defineClass@114 (line 862)
                      ;   {internal_word}
  0x000001e7eadbdfb4: 85be ff49 | bab4 dedb | eae7 0100 | 004d 8997 | 6804 0000 

  0x000001e7eadbdfc8: ;   {runtime_call SafepointBlob}
  0x000001e7eadbdfc8: e933 77b3 | ff48 8d84 | 24e0 0000 | 0048 8904 

  0x000001e7eadbdfd8: ;   {runtime_call monitorexit_nofpu Runtime1 stub}
  0x000001e7eadbdfd8: 24e8 22bb | beff e927 | ffff ff49 | 8b87 0005 | 0000 49c7 | 8700 0500 | 0000 0000 | 0049 c787 
  0x000001e7eadbdff8: 0805 0000 | 0000 0000 | 4881 c400 | 0100 005d 

  0x000001e7eadbe008: ;   {runtime_call unwind_exception Runtime1 stub}
  0x000001e7eadbe008: e9f3 75be | fff4 f4f4 
[Stub Code]
  0x000001e7eadbe010: ;   {no_reloc}
  0x000001e7eadbe010: 0f1f 4400 

  0x000001e7eadbe014: ;   {static_stub}
  0x000001e7eadbe014: 0048 bb00 | 0000 0000 

  0x000001e7eadbe01c: ;   {runtime_call}
  0x000001e7eadbe01c: 0000 00e9 | fbff ffff 

  0x000001e7eadbe024: ;   {static_stub}
  0x000001e7eadbe024: 9048 bb00 | 0000 0000 

  0x000001e7eadbe02c: ;   {runtime_call}
  0x000001e7eadbe02c: 0000 00e9 | fbff ffff 

  0x000001e7eadbe034: ;   {static_stub}
  0x000001e7eadbe034: 9048 bb00 | 0000 0000 

  0x000001e7eadbe03c: ;   {runtime_call}
  0x000001e7eadbe03c: 0000 00e9 | fbff ffff 

  0x000001e7eadbe044: ;   {static_stub}
  0x000001e7eadbe044: 9048 bb00 | 0000 0000 

  0x000001e7eadbe04c: ;   {runtime_call}
  0x000001e7eadbe04c: 0000 00e9 | fbff ffff 

  0x000001e7eadbe054: ;   {static_stub}
  0x000001e7eadbe054: 9048 bb00 | 0000 0000 

  0x000001e7eadbe05c: ;   {runtime_call}
  0x000001e7eadbe05c: 0000 00e9 | fbff ffff 

  0x000001e7eadbe064: ;   {static_stub}
  0x000001e7eadbe064: 9048 bb00 | 0000 0000 

  0x000001e7eadbe06c: ;   {runtime_call}
  0x000001e7eadbe06c: 0000 00e9 | fbff ffff 

  0x000001e7eadbe074: ;   {static_stub}
  0x000001e7eadbe074: 9048 bb00 | 0000 0000 

  0x000001e7eadbe07c: ;   {runtime_call}
  0x000001e7eadbe07c: 0000 00e9 | fbff ffff 

  0x000001e7eadbe084: ;   {static_stub}
  0x000001e7eadbe084: 9048 bb00 | 0000 0000 

  0x000001e7eadbe08c: ;   {runtime_call}
  0x000001e7eadbe08c: 0000 00e9 | fbff ffff 

  0x000001e7eadbe094: ;   {static_stub}
  0x000001e7eadbe094: 48bb 0000 | 0000 0000 

  0x000001e7eadbe09c: ;   {runtime_call}
  0x000001e7eadbe09c: 0000 e9fb 

  0x000001e7eadbe0a0: ;   {static_stub}
  0x000001e7eadbe0a0: ffff ff48 | bb00 0000 | 0000 0000 

  0x000001e7eadbe0ac: ;   {runtime_call}
  0x000001e7eadbe0ac: 00e9 fbff 

  0x000001e7eadbe0b0: ;   {static_stub}
  0x000001e7eadbe0b0: ffff 48bb | 0000 0000 | 0000 0000 

  0x000001e7eadbe0bc: ;   {runtime_call}
  0x000001e7eadbe0bc: e9fb ffff 

  0x000001e7eadbe0c0: ;   {static_stub}
  0x000001e7eadbe0c0: ff48 bb00 | 0000 0000 

  0x000001e7eadbe0c8: ;   {runtime_call}
  0x000001e7eadbe0c8: 0000 00e9 | fbff ffff 

  0x000001e7eadbe0d0: ;   {static_stub}
  0x000001e7eadbe0d0: 48bb 0000 | 0000 0000 

  0x000001e7eadbe0d8: ;   {runtime_call}
  0x000001e7eadbe0d8: 0000 e9fb 

  0x000001e7eadbe0dc: ;   {static_stub}
  0x000001e7eadbe0dc: ffff ff48 | bb00 0000 | 0000 0000 

  0x000001e7eadbe0e8: ;   {runtime_call}
  0x000001e7eadbe0e8: 00e9 fbff 

  0x000001e7eadbe0ec: ;   {static_stub}
  0x000001e7eadbe0ec: ffff 48bb | 0000 0000 | 0000 0000 

  0x000001e7eadbe0f8: ;   {runtime_call}
  0x000001e7eadbe0f8: e9fb ffff 

  0x000001e7eadbe0fc: ;   {runtime_call handle_exception_from_callee Runtime1 stub}
  0x000001e7eadbe0fc: ffe8 fea1 

  0x000001e7eadbe100: ;   {external_word}
  0x000001e7eadbe100: beff 48b9 | e027 226a | fd7f 0000 | 4883 e4f0 

  0x000001e7eadbe110: ;   {runtime_call}
  0x000001e7eadbe110: 48b8 e00f | ea69 fd7f | 0000 ffd0 

  0x000001e7eadbe11c: ;   {section_word}
  0x000001e7eadbe11c: f449 ba1d | e1db eae7 | 0100 0041 

  0x000001e7eadbe128: ;   {runtime_call DeoptimizationBlob}
  0x000001e7eadbe128: 52e9 7268 | b3ff f4f4 
[/MachCode]


---------------  P R O C E S S  ---------------

Threads class SMR info:
_java_thread_list=0x000001e7fb0d14e0, length=24, elements={
0x000001e7e246c0c0, 0x000001e7f2c0df10, 0x000001e7f2c0efe0, 0x000001e7f2c100b0,
0x000001e7f2c13c90, 0x000001e7f2c146f0, 0x000001e7f2c15150, 0x000001e7f2c15bb0,
0x000001e7f7030020, 0x000001e7f7030880, 0x000001e7f71231e0, 0x000001e7f7802420,
0x000001e7f78030a0, 0x000001e7f7952a90, 0x000001e7f7a593b0, 0x000001e7f7af2c60,
0x000001e7f7afc860, 0x000001e7f852eb80, 0x000001e7f852ff30, 0x000001e7f8531970,
0x000001e7f852f8a0, 0x000001e7f852e4f0, 0x000001e7f852f210, 0x000001e7f85305c0
}

Java Threads: ( => current thread )
=>0x000001e7e246c0c0 JavaThread "main"                              [_thread_in_vm, id=22812, stack(0x0000002eb0400000,0x0000002eb0500000) (1024K)]
  0x000001e7f2c0df10 JavaThread "Reference Handler"          daemon [_thread_blocked, id=23904, stack(0x0000002eb0c00000,0x0000002eb0d00000) (1024K)]
  0x000001e7f2c0efe0 JavaThread "Finalizer"                  daemon [_thread_blocked, id=15772, stack(0x0000002eb0d00000,0x0000002eb0e00000) (1024K)]
  0x000001e7f2c100b0 JavaThread "Signal Dispatcher"          daemon [_thread_blocked, id=6044, stack(0x0000002eb0e00000,0x0000002eb0f00000) (1024K)]
  0x000001e7f2c13c90 JavaThread "Attach Listener"            daemon [_thread_blocked, id=3576, stack(0x0000002eb0f00000,0x0000002eb1000000) (1024K)]
  0x000001e7f2c146f0 JavaThread "Service Thread"             daemon [_thread_blocked, id=6836, stack(0x0000002eb1000000,0x0000002eb1100000) (1024K)]
  0x000001e7f2c15150 JavaThread "Monitor Deflation Thread"   daemon [_thread_blocked, id=2276, stack(0x0000002eb1100000,0x0000002eb1200000) (1024K)]
  0x000001e7f2c15bb0 JavaThread "C1 CompilerThread0"         daemon [_thread_blocked, id=18028, stack(0x0000002eb1200000,0x0000002eb1300000) (1024K)]
  0x000001e7f7030020 JavaThread "C1 CompilerThread1"         daemon [_thread_blocked, id=14700, stack(0x0000002eb1300000,0x0000002eb1400000) (1024K)]
  0x000001e7f7030880 JavaThread "C1 CompilerThread2"         daemon [_thread_blocked, id=21532, stack(0x0000002eb1400000,0x0000002eb1500000) (1024K)]
  0x000001e7f71231e0 JavaThread "Common-Cleaner"             daemon [_thread_blocked, id=24388, stack(0x0000002eb1600000,0x0000002eb1700000) (1024K)]
  0x000001e7f7802420 JavaThread "Monitor Ctrl-Break"         daemon [_thread_in_native, id=24280, stack(0x0000002eb1700000,0x0000002eb1800000) (1024K)]
  0x000001e7f78030a0 JavaThread "Notification Thread"        daemon [_thread_blocked, id=22004, stack(0x0000002eb1800000,0x0000002eb1900000) (1024K)]
  0x000001e7f7952a90 JavaThread "RMI TCP Accept-0"           daemon [_thread_in_native, id=22852, stack(0x0000002eb1900000,0x0000002eb1a00000) (1024K)]
  0x000001e7f7a593b0 JavaThread "RMI TCP Connection(1)-192.168.1.11" daemon [_thread_in_vm, id=24120, stack(0x0000002eb1a00000,0x0000002eb1b00000) (1024K)]
  0x000001e7f7af2c60 JavaThread "RMI Scheduler(0)"           daemon [_thread_blocked, id=1260, stack(0x0000002eb2200000,0x0000002eb2300000) (1024K)]
  0x000001e7f7afc860 JavaThread "JMX server connection timeout 33" daemon [_thread_blocked, id=6488, stack(0x0000002eb2300000,0x0000002eb2400000) (1024K)]
  0x000001e7f852eb80 JavaThread "RMI TCP Connection(2)-192.168.1.11" daemon [_thread_in_native, id=21912, stack(0x0000002eb2400000,0x0000002eb2500000) (1024K)]
  0x000001e7f852ff30 JavaThread "Catalina-utility-1"                [_thread_blocked, id=10704, stack(0x0000002eb2500000,0x0000002eb2600000) (1024K)]
  0x000001e7f8531970 JavaThread "Catalina-utility-2"                [_thread_blocked, id=7932, stack(0x0000002eb2700000,0x0000002eb2800000) (1024K)]
  0x000001e7f852f8a0 JavaThread "container-0"                       [_thread_blocked, id=24392, stack(0x0000002eb2800000,0x0000002eb2900000) (1024K)]
  0x000001e7f852e4f0 JavaThread "mysql-cj-abandoned-connection-cleanup" daemon [_thread_blocked, id=16488, stack(0x0000002eb2900000,0x0000002eb2a00000) (1024K)]
  0x000001e7f852f210 JavaThread "HikariPool-1 housekeeper"   daemon [_thread_blocked, id=19892, stack(0x0000002eb2b00000,0x0000002eb2c00000) (1024K)]
  0x000001e7f85305c0 JavaThread "spring.cloud.inetutils"     daemon [_thread_blocked, id=23612, stack(0x0000002eb1500000,0x0000002eb1600000) (1024K)]
Total: 24

Other Threads:
  0x000001e7f2bed990 VMThread "VM Thread"                           [id=15956, stack(0x0000002eb0b00000,0x0000002eb0c00000) (1024K)]
  0x000001e7f2bd70b0 WatcherThread "VM Periodic Task Thread"        [id=13776, stack(0x0000002eb0a00000,0x0000002eb0b00000) (1024K)]
  0x000001e7e24c3360 WorkerThread "GC Thread#0"                     [id=2332, stack(0x0000002eb0500000,0x0000002eb0600000) (1024K)]
  0x000001e7f7aa3550 WorkerThread "GC Thread#1"                     [id=20660, stack(0x0000002eb1b00000,0x0000002eb1c00000) (1024K)]
  0x000001e7f7aa38f0 WorkerThread "GC Thread#2"                     [id=12400, stack(0x0000002eb1c00000,0x0000002eb1d00000) (1024K)]
  0x000001e7f7adc9e0 WorkerThread "GC Thread#3"                     [id=2404, stack(0x0000002eb1d00000,0x0000002eb1e00000) (1024K)]
  0x000001e7f7adcd80 WorkerThread "GC Thread#4"                     [id=23372, stack(0x0000002eb1e00000,0x0000002eb1f00000) (1024K)]
  0x000001e7f7ae1130 WorkerThread "GC Thread#5"                     [id=17828, stack(0x0000002eb1f00000,0x0000002eb2000000) (1024K)]
  0x000001e7f7ae14d0 WorkerThread "GC Thread#6"                     [id=24348, stack(0x0000002eb2000000,0x0000002eb2100000) (1024K)]
  0x000001e7f7ae1c80 WorkerThread "GC Thread#7"                     [id=22504, stack(0x0000002eb2100000,0x0000002eb2200000) (1024K)]
  0x000001e7e24d4fd0 ConcurrentGCThread "G1 Main Marker"            [id=7900, stack(0x0000002eb0600000,0x0000002eb0700000) (1024K)]
  0x000001e7e24d6560 WorkerThread "G1 Conc#0"                       [id=14120, stack(0x0000002eb0700000,0x0000002eb0800000) (1024K)]
  0x000001e7f851ba60 WorkerThread "G1 Conc#1"                       [id=22096, stack(0x0000002eb2600000,0x0000002eb2700000) (1024K)]
  0x000001e7e251e000 ConcurrentGCThread "G1 Refine#0"               [id=23288, stack(0x0000002eb0800000,0x0000002eb0900000) (1024K)]
  0x000001e7f2a98120 ConcurrentGCThread "G1 Service"                [id=24044, stack(0x0000002eb0900000,0x0000002eb0a00000) (1024K)]
Total: 15

Threads with active compile tasks:
Total: 0

VM state: not at safepoint (normal execution)

VM Mutex/Monitor currently owned by a thread:  ([mutex/lock_event])
[0x00007ffd6a4b8578] Metaspace_lock - owner thread: 0x000001e7e246c0c0

Heap address: 0x0000000081c00000, size: 2020 MB, Compressed Oops mode: 32-bit

CDS archive(s) mapped at: [0x000001e780000000-0x000001e780c90000-0x000001e780c90000), size 13172736, SharedBaseAddress: 0x000001e780000000, ArchiveRelocationMode: 1.
Compressed class space mapped at: 0x000001e781000000-0x000001e7c1000000, reserved size: 1073741824
Narrow klass base: 0x000001e780000000, Narrow klass shift: 0, Narrow klass range: 0x100000000

GC Precious Log:
 CardTable entry size: 512
 Card Set container configuration: InlinePtr #cards 5 size 8 Array Of Cards #cards 12 size 40 Howl #buckets 4 coarsen threshold 1843 Howl Bitmap #cards 512 size 80 coarsen threshold 460 Card regions per heap region 1 cards per card region 2048
 CPUs: 8 total, 8 available
 Memory: 8078M
 Large Page Support: Disabled
 NUMA Support: Disabled
 Compressed Oops: Enabled (32-bit)
 Heap Region Size: 1M
 Heap Min Capacity: 8M
 Heap Initial Capacity: 128M
 Heap Max Capacity: 2020M
 Pre-touch: Disabled
 Parallel Workers: 8
 Concurrent Workers: 2
 Concurrent Refinement Workers: 8
 Periodic GC: Disabled

Heap:
 garbage-first heap   total 82944K, used 55961K [0x0000000081c00000, 0x0000000100000000)
  region size 1024K, 16 young (16384K), 4 survivors (4096K)
 Metaspace       used 73785K, committed 74624K, reserved 1114112K
  class space    used 10683K, committed 11072K, reserved 1048576K

Heap Regions: E=young(eden), S=young(survivor), O=old, HS=humongous(starts), HC=humongous(continues), CS=collection set, F=free, TAMS=top-at-mark-start, PB=parsable bottom
|   0|0x0000000081c00000, 0x0000000081d00000, 0x0000000081d00000|100%|HS|  |TAMS 0x0000000081c00000| PB 0x0000000081c00000| Complete 
|   1|0x0000000081d00000, 0x0000000081e00000, 0x0000000081e00000|100%|HS|  |TAMS 0x0000000081d00000| PB 0x0000000081d00000| Complete 
|   2|0x0000000081e00000, 0x0000000081f00000, 0x0000000081f00000|100%| O|  |TAMS 0x0000000081e00000| PB 0x0000000081e00000| Untracked 
|   3|0x0000000081f00000, 0x0000000082000000, 0x0000000082000000|100%| O|  |TAMS 0x0000000081f00000| PB 0x0000000081f00000| Untracked 
|   4|0x0000000082000000, 0x0000000082100000, 0x0000000082100000|100%| O|  |TAMS 0x0000000082000000| PB 0x0000000082000000| Untracked 
|   5|0x0000000082100000, 0x0000000082200000, 0x0000000082200000|100%| O|  |TAMS 0x0000000082100000| PB 0x0000000082100000| Untracked 
|   6|0x0000000082200000, 0x0000000082300000, 0x0000000082300000|100%| O|  |TAMS 0x0000000082200000| PB 0x0000000082200000| Untracked 
|   7|0x0000000082300000, 0x0000000082400000, 0x0000000082400000|100%| O|  |TAMS 0x0000000082300000| PB 0x0000000082300000| Untracked 
|   8|0x0000000082400000, 0x0000000082500000, 0x0000000082500000|100%| O|  |TAMS 0x0000000082400000| PB 0x0000000082400000| Untracked 
|   9|0x0000000082500000, 0x0000000082600000, 0x0000000082600000|100%| O|  |TAMS 0x0000000082500000| PB 0x0000000082500000| Untracked 
|  10|0x0000000082600000, 0x0000000082700000, 0x0000000082700000|100%| O|  |TAMS 0x0000000082600000| PB 0x0000000082600000| Untracked 
|  11|0x0000000082700000, 0x0000000082800000, 0x0000000082800000|100%| O|  |TAMS 0x0000000082700000| PB 0x0000000082700000| Untracked 
|  12|0x0000000082800000, 0x0000000082900000, 0x0000000082900000|100%| O|  |TAMS 0x0000000082800000| PB 0x0000000082800000| Untracked 
|  13|0x0000000082900000, 0x0000000082a00000, 0x0000000082a00000|100%| O|  |TAMS 0x0000000082900000| PB 0x0000000082900000| Untracked 
|  14|0x0000000082a00000, 0x0000000082b00000, 0x0000000082b00000|100%| O|  |TAMS 0x0000000082a00000| PB 0x0000000082a00000| Untracked 
|  15|0x0000000082b00000, 0x0000000082c00000, 0x0000000082c00000|100%| O|  |TAMS 0x0000000082b00000| PB 0x0000000082b00000| Untracked 
|  16|0x0000000082c00000, 0x0000000082d00000, 0x0000000082d00000|100%| O|  |TAMS 0x0000000082c00000| PB 0x0000000082c00000| Untracked 
|  17|0x0000000082d00000, 0x0000000082e00000, 0x0000000082e00000|100%| O|  |TAMS 0x0000000082d00000| PB 0x0000000082d00000| Untracked 
|  18|0x0000000082e00000, 0x0000000082f00000, 0x0000000082f00000|100%| O|  |TAMS 0x0000000082e00000| PB 0x0000000082e00000| Untracked 
|  19|0x0000000082f00000, 0x0000000083000000, 0x0000000083000000|100%| O|  |TAMS 0x0000000082f00000| PB 0x0000000082f00000| Untracked 
|  20|0x0000000083000000, 0x00000000830f0ab0, 0x0000000083100000| 94%| O|  |TAMS 0x0000000083000000| PB 0x0000000083000000| Untracked 
|  21|0x0000000083100000, 0x0000000083200000, 0x0000000083200000|100%| O|  |TAMS 0x0000000083100000| PB 0x0000000083100000| Untracked 
|  22|0x0000000083200000, 0x0000000083300000, 0x0000000083300000|100%| O|  |TAMS 0x0000000083200000| PB 0x0000000083200000| Untracked 
|  23|0x0000000083300000, 0x0000000083400000, 0x0000000083400000|100%| O|  |TAMS 0x0000000083300000| PB 0x0000000083300000| Untracked 
|  24|0x0000000083400000, 0x0000000083500000, 0x0000000083500000|100%| O|  |TAMS 0x0000000083400000| PB 0x0000000083400000| Untracked 
|  25|0x0000000083500000, 0x0000000083600000, 0x0000000083600000|100%| O|  |TAMS 0x0000000083500000| PB 0x0000000083500000| Untracked 
|  26|0x0000000083600000, 0x0000000083700000, 0x0000000083700000|100%| O|  |TAMS 0x0000000083600000| PB 0x0000000083600000| Untracked 
|  27|0x0000000083700000, 0x0000000083800000, 0x0000000083800000|100%| O|  |TAMS 0x0000000083700000| PB 0x0000000083700000| Untracked 
|  28|0x0000000083800000, 0x0000000083900000, 0x0000000083900000|100%| O|  |TAMS 0x0000000083800000| PB 0x0000000083800000| Untracked 
|  29|0x0000000083900000, 0x0000000083a00000, 0x0000000083a00000|100%| O|  |TAMS 0x0000000083900000| PB 0x0000000083900000| Untracked 
|  30|0x0000000083a00000, 0x0000000083b00000, 0x0000000083b00000|100%| O|  |TAMS 0x0000000083a00000| PB 0x0000000083a00000| Untracked 
|  31|0x0000000083b00000, 0x0000000083c00000, 0x0000000083c00000|100%| O|  |TAMS 0x0000000083b00000| PB 0x0000000083b00000| Untracked 
|  32|0x0000000083c00000, 0x0000000083d00000, 0x0000000083d00000|100%| O|  |TAMS 0x0000000083c00000| PB 0x0000000083c00000| Untracked 
|  33|0x0000000083d00000, 0x0000000083e00000, 0x0000000083e00000|100%| O|  |TAMS 0x0000000083d00000| PB 0x0000000083d00000| Untracked 
|  34|0x0000000083e00000, 0x0000000083f00000, 0x0000000083f00000|100%| O|Cm|TAMS 0x0000000083e00000| PB 0x0000000083e00000| Complete 
|  35|0x0000000083f00000, 0x0000000083f00000, 0x0000000084000000|  0%| F|  |TAMS 0x0000000083f00000| PB 0x0000000083f00000| Untracked 
|  36|0x0000000084000000, 0x0000000084100000, 0x0000000084100000|100%| O|  |TAMS 0x0000000084000000| PB 0x0000000084000000| Untracked 
|  37|0x0000000084100000, 0x0000000084200000, 0x0000000084200000|100%| O|  |TAMS 0x0000000084100000| PB 0x0000000084100000| Untracked 
|  38|0x0000000084200000, 0x0000000084300000, 0x0000000084300000|100%| O|Cm|TAMS 0x0000000084200000| PB 0x0000000084200000| Complete 
|  39|0x0000000084300000, 0x0000000084400000, 0x0000000084400000|100%| O|  |TAMS 0x0000000084300000| PB 0x0000000084300000| Untracked 
|  40|0x0000000084400000, 0x0000000084500000, 0x0000000084500000|100%| O|  |TAMS 0x0000000084400000| PB 0x0000000084400000| Untracked 
|  41|0x0000000084500000, 0x0000000084500000, 0x0000000084600000|  0%| F|  |TAMS 0x0000000084500000| PB 0x0000000084500000| Untracked 
|  42|0x0000000084600000, 0x0000000084600000, 0x0000000084700000|  0%| F|  |TAMS 0x0000000084600000| PB 0x0000000084600000| Untracked 
|  43|0x0000000084700000, 0x0000000084700000, 0x0000000084800000|  0%| F|  |TAMS 0x0000000084700000| PB 0x0000000084700000| Untracked 
|  44|0x0000000084800000, 0x0000000084800000, 0x0000000084900000|  0%| F|  |TAMS 0x0000000084800000| PB 0x0000000084800000| Untracked 
|  45|0x0000000084900000, 0x0000000084900000, 0x0000000084a00000|  0%| F|  |TAMS 0x0000000084900000| PB 0x0000000084900000| Untracked 
|  46|0x0000000084a00000, 0x0000000084a00000, 0x0000000084b00000|  0%| F|  |TAMS 0x0000000084a00000| PB 0x0000000084a00000| Untracked 
|  47|0x0000000084b00000, 0x0000000084bb5cf8, 0x0000000084c00000| 71%| S|CS|TAMS 0x0000000084b00000| PB 0x0000000084b00000| Complete 
|  48|0x0000000084c00000, 0x0000000084d00000, 0x0000000084d00000|100%| S|CS|TAMS 0x0000000084c00000| PB 0x0000000084c00000| Complete 
|  49|0x0000000084d00000, 0x0000000084d00000, 0x0000000084e00000|  0%| F|  |TAMS 0x0000000084d00000| PB 0x0000000084d00000| Untracked 
|  50|0x0000000084e00000, 0x0000000084f00000, 0x0000000084f00000|100%| S|CS|TAMS 0x0000000084e00000| PB 0x0000000084e00000| Complete 
|  51|0x0000000084f00000, 0x0000000085000000, 0x0000000085000000|100%| S|CS|TAMS 0x0000000084f00000| PB 0x0000000084f00000| Complete 
|  52|0x0000000085000000, 0x0000000085000000, 0x0000000085100000|  0%| F|  |TAMS 0x0000000085000000| PB 0x0000000085000000| Untracked 
|  53|0x0000000085100000, 0x0000000085100000, 0x0000000085200000|  0%| F|  |TAMS 0x0000000085100000| PB 0x0000000085100000| Untracked 
|  54|0x0000000085200000, 0x0000000085200000, 0x0000000085300000|  0%| F|  |TAMS 0x0000000085200000| PB 0x0000000085200000| Untracked 
|  55|0x0000000085300000, 0x0000000085300000, 0x0000000085400000|  0%| F|  |TAMS 0x0000000085300000| PB 0x0000000085300000| Untracked 
|  56|0x0000000085400000, 0x0000000085400000, 0x0000000085500000|  0%| F|  |TAMS 0x0000000085400000| PB 0x0000000085400000| Untracked 
|  57|0x0000000085500000, 0x0000000085500000, 0x0000000085600000|  0%| F|  |TAMS 0x0000000085500000| PB 0x0000000085500000| Untracked 
|  58|0x0000000085600000, 0x0000000085600000, 0x0000000085700000|  0%| F|  |TAMS 0x0000000085600000| PB 0x0000000085600000| Untracked 
|  59|0x0000000085700000, 0x0000000085700000, 0x0000000085800000|  0%| F|  |TAMS 0x0000000085700000| PB 0x0000000085700000| Untracked 
|  60|0x0000000085800000, 0x0000000085800000, 0x0000000085900000|  0%| F|  |TAMS 0x0000000085800000| PB 0x0000000085800000| Untracked 
|  61|0x0000000085900000, 0x0000000085900000, 0x0000000085a00000|  0%| F|  |TAMS 0x0000000085900000| PB 0x0000000085900000| Untracked 
|  62|0x0000000085a00000, 0x0000000085a00000, 0x0000000085b00000|  0%| F|  |TAMS 0x0000000085a00000| PB 0x0000000085a00000| Untracked 
|  63|0x0000000085b00000, 0x0000000085b00000, 0x0000000085c00000|  0%| F|  |TAMS 0x0000000085b00000| PB 0x0000000085b00000| Untracked 
|  64|0x0000000085c00000, 0x0000000085c00000, 0x0000000085d00000|  0%| F|  |TAMS 0x0000000085c00000| PB 0x0000000085c00000| Untracked 
|  65|0x0000000085d00000, 0x0000000085d00000, 0x0000000085e00000|  0%| F|  |TAMS 0x0000000085d00000| PB 0x0000000085d00000| Untracked 
|  66|0x0000000085e00000, 0x0000000085e00000, 0x0000000085f00000|  0%| F|  |TAMS 0x0000000085e00000| PB 0x0000000085e00000| Untracked 
|  67|0x0000000085f00000, 0x0000000085f00000, 0x0000000086000000|  0%| F|  |TAMS 0x0000000085f00000| PB 0x0000000085f00000| Untracked 
|  68|0x0000000086000000, 0x0000000086000000, 0x0000000086100000|  0%| F|  |TAMS 0x0000000086000000| PB 0x0000000086000000| Untracked 
|  69|0x0000000086100000, 0x0000000086109308, 0x0000000086200000|  3%| E|  |TAMS 0x0000000086100000| PB 0x0000000086100000| Complete 
|  70|0x0000000086200000, 0x0000000086300000, 0x0000000086300000|100%| E|CS|TAMS 0x0000000086200000| PB 0x0000000086200000| Complete 
|  71|0x0000000086300000, 0x0000000086400000, 0x0000000086400000|100%| E|CS|TAMS 0x0000000086300000| PB 0x0000000086300000| Complete 
|  72|0x0000000086400000, 0x0000000086500000, 0x0000000086500000|100%| E|CS|TAMS 0x0000000086400000| PB 0x0000000086400000| Complete 
| 116|0x0000000089000000, 0x0000000089100000, 0x0000000089100000|100%| E|CS|TAMS 0x0000000089000000| PB 0x0000000089000000| Complete 
| 117|0x0000000089100000, 0x0000000089200000, 0x0000000089200000|100%| E|CS|TAMS 0x0000000089100000| PB 0x0000000089100000| Complete 
| 118|0x0000000089200000, 0x0000000089300000, 0x0000000089300000|100%| E|CS|TAMS 0x0000000089200000| PB 0x0000000089200000| Complete 
| 119|0x0000000089300000, 0x0000000089400000, 0x0000000089400000|100%| E|CS|TAMS 0x0000000089300000| PB 0x0000000089300000| Complete 
| 120|0x0000000089400000, 0x0000000089500000, 0x0000000089500000|100%| E|CS|TAMS 0x0000000089400000| PB 0x0000000089400000| Complete 
| 121|0x0000000089500000, 0x0000000089600000, 0x0000000089600000|100%| E|CS|TAMS 0x0000000089500000| PB 0x0000000089500000| Complete 
| 126|0x0000000089a00000, 0x0000000089b00000, 0x0000000089b00000|100%| E|CS|TAMS 0x0000000089a00000| PB 0x0000000089a00000| Complete 
| 127|0x0000000089b00000, 0x0000000089c00000, 0x0000000089c00000|100%| E|CS|TAMS 0x0000000089b00000| PB 0x0000000089b00000| Complete 

Card table byte_map: [0x000001e7eddb0000,0x000001e7ee1b0000] _byte_map_base: 0x000001e7ed9a2000

Marking Bits: (CMBitMap*) 0x000001e7e24c3a60
 Bits: [0x000001e7ee1b0000, 0x000001e7f0140000)

Polling page: 0x000001e7e0330000

Metaspace:

Usage:
  Non-class:     61.62 MB used.
      Class:     10.43 MB used.
       Both:     72.06 MB used.

Virtual space:
  Non-class space:       64.00 MB reserved,      62.06 MB ( 97%) committed,  1 nodes.
      Class space:        1.00 GB reserved,      10.81 MB (  1%) committed,  1 nodes.
             Both:        1.06 GB reserved,      72.88 MB (  7%) committed. 

Chunk freelists:
   Non-Class:  1.22 MB
       Class:  5.22 MB
        Both:  6.44 MB

MaxMetaspaceSize: unlimited
CompressedClassSpaceSize: 1.00 GB
Initial GC threshold: 21.00 MB
Current GC threshold: 120.88 MB
CDS: on
 - commit_granule_bytes: 65536.
 - commit_granule_words: 8192.
 - virtual_space_node_default_size: 8388608.
 - enlarge_chunks_in_place: 1.
 - use_allocation_guard: 0.


Internal statistics:

num_allocs_failed_limit: 6.
num_arena_births: 1238.
num_arena_deaths: 0.
num_vsnodes_births: 2.
num_vsnodes_deaths: 0.
num_space_committed: 1166.
num_space_uncommitted: 0.
num_chunks_returned_to_freelist: 6.
num_chunks_taken_from_freelist: 3952.
num_chunk_merges: 6.
num_chunk_splits: 2844.
num_chunks_enlarged: 2200.
num_inconsistent_stats: 0.

CodeCache: size=49152Kb used=14370Kb max_used=15557Kb free=34781Kb
 bounds [0x000001e7ea8a0000, 0x000001e7eb7e0000, 0x000001e7ed8a0000]
 total_blobs=7977 nmethods=7258 adapters=640
 compilation: enabled
              stopped_count=0, restarted_count=0
 full_count=0

Compilation events (20 events):
Event: 29.260 Thread 0x000001e7f2c15bb0 nmethod 8443 0x000001e7eac70810 code [0x000001e7eac70a00, 0x000001e7eac70d30]
Event: 29.260 Thread 0x000001e7f7030880 8444       1       org.antlr.v4.runtime.ParserRuleContext::<init> (7 bytes)
Event: 29.261 Thread 0x000001e7f7030880 nmethod 8444 0x000001e7eacc8d90 code [0x000001e7eacc8f20, 0x000001e7eacc9040]
Event: 29.262 Thread 0x000001e7f7030020 nmethod 8438 0x000001e7eb5b9010 code [0x000001e7eb5b92e0, 0x000001e7eb5b9d08]
Event: 29.262 Thread 0x000001e7f2c15bb0 8445       1       org.antlr.v4.runtime.RuleContext::<init> (20 bytes)
Event: 29.262 Thread 0x000001e7f2c15bb0 nmethod 8445 0x000001e7eaccc710 code [0x000001e7eaccc8a0, 0x000001e7eaccc9c0]
Event: 29.263 Thread 0x000001e7f7030880 8446       1       org.antlr.v4.runtime.CodePointCharStream::release (1 bytes)
Event: 29.263 Thread 0x000001e7f7030880 nmethod 8446 0x000001e7eacd3090 code [0x000001e7eacd3220, 0x000001e7eacd32e8]
Event: 29.263 Thread 0x000001e7f2c15bb0 8447       1       org.antlr.v4.runtime.Parser::enterOuterAlt (51 bytes)
Event: 29.263 Thread 0x000001e7f7030020 8448       1       org.antlr.v4.runtime.RuleContext::setAltNumber (1 bytes)
Event: 29.264 Thread 0x000001e7f7030020 nmethod 8448 0x000001e7eacd5e10 code [0x000001e7eacd5fa0, 0x000001e7eacd6068]
Event: 29.264 Thread 0x000001e7f7030880 8449       1       org.antlr.v4.runtime.BufferedTokenStream::consume (119 bytes)
Event: 29.264 Thread 0x000001e7f7030880 nmethod 8449 0x000001e7eac79a10 code [0x000001e7eac79c00, 0x000001e7eac79f38]
Event: 29.265 Thread 0x000001e7f2c15bb0 nmethod 8447 0x000001e7eab94b90 code [0x000001e7eab94d80, 0x000001e7eab95150]
Event: 29.265 Thread 0x000001e7f2c15bb0 8450       1       org.antlr.v4.runtime.tree.TerminalNodeImpl::getSymbol (5 bytes)
Event: 29.265 Thread 0x000001e7f2c15bb0 nmethod 8450 0x000001e7eacdc910 code [0x000001e7eacdcaa0, 0x000001e7eacdcb68]
Event: 29.266 Thread 0x000001e7f7030020 8451       1       org.springframework.data.jpa.repository.query.JpaQueryParsingToken::<init> (15 bytes)
Event: 29.266 Thread 0x000001e7f7030880 8452       1       org.antlr.v4.runtime.CodePointCharStream::size (5 bytes)
Event: 29.266 Thread 0x000001e7f7030020 nmethod 8451 0x000001e7eace0290 code [0x000001e7eace0420, 0x000001e7eace0540]
Event: 29.266 Thread 0x000001e7f7030880 nmethod 8452 0x000001e7eace5510 code [0x000001e7eace56a0, 0x000001e7eace5768]

GC Heap History (20 events):
Event: 15.524 GC heap before
{Heap before GC invocations=11 (full 0):
 garbage-first heap   total 82944K, used 72591K [0x0000000081c00000, 0x0000000100000000)
  region size 1024K, 47 young (48128K), 6 survivors (6144K)
 Metaspace       used 42867K, committed 43584K, reserved 1114112K
  class space    used 6008K, committed 6336K, reserved 1048576K
}
Event: 15.532 GC heap after
{Heap after GC invocations=12 (full 0):
 garbage-first heap   total 82944K, used 31620K [0x0000000081c00000, 0x0000000100000000)
  region size 1024K, 3 young (3072K), 3 survivors (3072K)
 Metaspace       used 42867K, committed 43584K, reserved 1114112K
  class space    used 6008K, committed 6336K, reserved 1048576K
}
Event: 17.501 GC heap before
{Heap before GC invocations=12 (full 0):
 garbage-first heap   total 82944K, used 72580K [0x0000000081c00000, 0x0000000100000000)
  region size 1024K, 43 young (44032K), 3 survivors (3072K)
 Metaspace       used 53492K, committed 54208K, reserved 1114112K
  class space    used 7508K, committed 7808K, reserved 1048576K
}
Event: 17.508 GC heap after
{Heap after GC invocations=13 (full 0):
 garbage-first heap   total 82944K, used 34514K [0x0000000081c00000, 0x0000000100000000)
  region size 1024K, 6 young (6144K), 6 survivors (6144K)
 Metaspace       used 53492K, committed 54208K, reserved 1114112K
  class space    used 7508K, committed 7808K, reserved 1048576K
}
Event: 17.719 GC heap before
{Heap before GC invocations=13 (full 0):
 garbage-first heap   total 82944K, used 39634K [0x0000000081c00000, 0x0000000100000000)
  region size 1024K, 12 young (12288K), 6 survivors (6144K)
 Metaspace       used 54475K, committed 55168K, reserved 1114112K
  class space    used 7619K, committed 7936K, reserved 1048576K
}
Event: 17.728 GC heap after
{Heap after GC invocations=14 (full 0):
 garbage-first heap   total 82944K, used 35307K [0x0000000081c00000, 0x0000000100000000)
  region size 1024K, 1 young (1024K), 1 survivors (1024K)
 Metaspace       used 54475K, committed 55168K, reserved 1114112K
  class space    used 7619K, committed 7936K, reserved 1048576K
}
Event: 19.657 GC heap before
{Heap before GC invocations=15 (full 0):
 garbage-first heap   total 82944K, used 73195K [0x0000000081c00000, 0x0000000100000000)
  region size 1024K, 38 young (38912K), 1 survivors (1024K)
 Metaspace       used 62284K, committed 63040K, reserved 1114112K
  class space    used 8912K, committed 9280K, reserved 1048576K
}
Event: 19.661 GC heap after
{Heap after GC invocations=16 (full 0):
 garbage-first heap   total 82944K, used 36331K [0x0000000081c00000, 0x0000000100000000)
  region size 1024K, 2 young (2048K), 2 survivors (2048K)
 Metaspace       used 62284K, committed 63040K, reserved 1114112K
  class space    used 8912K, committed 9280K, reserved 1048576K
}
Event: 21.723 GC heap before
{Heap before GC invocations=16 (full 0):
 garbage-first heap   total 82944K, used 74219K [0x0000000081c00000, 0x0000000100000000)
  region size 1024K, 39 young (39936K), 2 survivors (2048K)
 Metaspace       used 67004K, committed 67776K, reserved 1114112K
  class space    used 9571K, committed 9920K, reserved 1048576K
}
Event: 21.734 GC heap after
{Heap after GC invocations=17 (full 0):
 garbage-first heap   total 82944K, used 38388K [0x0000000081c00000, 0x0000000100000000)
  region size 1024K, 5 young (5120K), 5 survivors (5120K)
 Metaspace       used 67004K, committed 67776K, reserved 1114112K
  class space    used 9571K, committed 9920K, reserved 1048576K
}
Event: 23.264 GC heap before
{Heap before GC invocations=17 (full 0):
 garbage-first heap   total 82944K, used 71156K [0x0000000081c00000, 0x0000000100000000)
  region size 1024K, 37 young (37888K), 5 survivors (5120K)
 Metaspace       used 70428K, committed 71232K, reserved 1114112K
  class space    used 10072K, committed 10432K, reserved 1048576K
}
Event: 23.275 GC heap after
{Heap after GC invocations=18 (full 0):
 garbage-first heap   total 82944K, used 40387K [0x0000000081c00000, 0x0000000100000000)
  region size 1024K, 5 young (5120K), 5 survivors (5120K)
 Metaspace       used 70428K, committed 71232K, reserved 1114112K
  class space    used 10072K, committed 10432K, reserved 1048576K
}
Event: 24.870 GC heap before
{Heap before GC invocations=18 (full 0):
 garbage-first heap   total 82944K, used 72131K [0x0000000081c00000, 0x0000000100000000)
  region size 1024K, 36 young (36864K), 5 survivors (5120K)
 Metaspace       used 71211K, committed 72064K, reserved 1114112K
  class space    used 10204K, committed 10560K, reserved 1048576K
}
Event: 24.880 GC heap after
{Heap after GC invocations=19 (full 0):
 garbage-first heap   total 82944K, used 42213K [0x0000000081c00000, 0x0000000100000000)
  region size 1024K, 4 young (4096K), 4 survivors (4096K)
 Metaspace       used 71211K, committed 72064K, reserved 1114112K
  class space    used 10204K, committed 10560K, reserved 1048576K
}
Event: 26.041 GC heap before
{Heap before GC invocations=20 (full 0):
 garbage-first heap   total 82944K, used 72933K [0x0000000081c00000, 0x0000000100000000)
  region size 1024K, 34 young (34816K), 4 survivors (4096K)
 Metaspace       used 71307K, committed 72192K, reserved 1114112K
  class space    used 10230K, committed 10624K, reserved 1048576K
}
Event: 26.049 GC heap after
{Heap after GC invocations=21 (full 0):
 garbage-first heap   total 82944K, used 42718K [0x0000000081c00000, 0x0000000100000000)
  region size 1024K, 3 young (3072K), 3 survivors (3072K)
 Metaspace       used 71307K, committed 72192K, reserved 1114112K
  class space    used 10230K, committed 10624K, reserved 1048576K
}
Event: 27.495 GC heap before
{Heap before GC invocations=21 (full 0):
 garbage-first heap   total 82944K, used 73438K [0x0000000081c00000, 0x0000000100000000)
  region size 1024K, 33 young (33792K), 3 survivors (3072K)
 Metaspace       used 71674K, committed 72512K, reserved 1114112K
  class space    used 10303K, committed 10688K, reserved 1048576K
}
Event: 27.504 GC heap after
{Heap after GC invocations=22 (full 0):
 garbage-first heap   total 82944K, used 43276K [0x0000000081c00000, 0x0000000100000000)
  region size 1024K, 4 young (4096K), 4 survivors (4096K)
 Metaspace       used 71674K, committed 72512K, reserved 1114112K
  class space    used 10303K, committed 10688K, reserved 1048576K
}
Event: 28.810 GC heap before
{Heap before GC invocations=22 (full 0):
 garbage-first heap   total 82944K, used 72972K [0x0000000081c00000, 0x0000000100000000)
  region size 1024K, 33 young (33792K), 4 survivors (4096K)
 Metaspace       used 73403K, committed 74240K, reserved 1114112K
  class space    used 10644K, committed 11008K, reserved 1048576K
}
Event: 28.820 GC heap after
{Heap after GC invocations=23 (full 0):
 garbage-first heap   total 82944K, used 44697K [0x0000000081c00000, 0x0000000100000000)
  region size 1024K, 4 young (4096K), 4 survivors (4096K)
 Metaspace       used 73403K, committed 74240K, reserved 1114112K
  class space    used 10644K, committed 11008K, reserved 1048576K
}

Dll operation events (12 events):
Event: 0.100 Loaded shared library C:\Users\User\.jdks\openjdk-21.0.1\bin\java.dll
Event: 1.835 Loaded shared library C:\Users\User\.jdks\openjdk-21.0.1\bin\zip.dll
Event: 1.859 Loaded shared library C:\Users\User\.jdks\openjdk-21.0.1\bin\instrument.dll
Event: 1.885 Loaded shared library C:\Users\User\.jdks\openjdk-21.0.1\bin\net.dll
Event: 1.893 Loaded shared library C:\Users\User\.jdks\openjdk-21.0.1\bin\nio.dll
Event: 1.910 Loaded shared library C:\Users\User\.jdks\openjdk-21.0.1\bin\zip.dll
Event: 2.016 Loaded shared library C:\Users\User\.jdks\openjdk-21.0.1\bin\jimage.dll
Event: 2.483 Loaded shared library C:\Users\User\.jdks\openjdk-21.0.1\bin\management.dll
Event: 2.512 Loaded shared library C:\Users\User\.jdks\openjdk-21.0.1\bin\extnet.dll
Event: 2.530 Loaded shared library C:\Users\User\.jdks\openjdk-21.0.1\bin\management_ext.dll
Event: 8.429 Loaded shared library C:\Users\User\.jdks\openjdk-21.0.1\bin\sunmscapi.dll
Event: 15.751 Loaded shared library C:\Users\User\.jdks\openjdk-21.0.1\bin\verify.dll

Deoptimization events (16 events):
Event: 2.885 Thread 0x000001e7f2c13c90 DEOPT PACKING pc=0x000001e7eac9f65d sp=0x0000002eb0ffd0b0
Event: 2.885 Thread 0x000001e7f2c13c90 DEOPT UNPACKING pc=0x000001e7ea8f4e42 sp=0x0000002eb0ffc560 mode 3
Event: 2.913 Thread 0x000001e7f2c13c90 DEOPT PACKING pc=0x000001e7eacb96e0 sp=0x0000002eb0ffcfb0
Event: 2.913 Thread 0x000001e7f2c13c90 DEOPT UNPACKING pc=0x000001e7ea8f4e42 sp=0x0000002eb0ffc468 mode 3
Event: 6.730 Thread 0x000001e7e246c0c0 DEOPT PACKING pc=0x000001e7eaefd0f9 sp=0x0000002eb04fcde0
Event: 6.730 Thread 0x000001e7e246c0c0 DEOPT UNPACKING pc=0x000001e7ea8f4e42 sp=0x0000002eb04fc2c0 mode 3
Event: 13.086 Thread 0x000001e7e246c0c0 DEOPT PACKING pc=0x000001e7eb276bf9 sp=0x0000002eb04fdcf0
Event: 13.086 Thread 0x000001e7e246c0c0 DEOPT UNPACKING pc=0x000001e7ea8f4e42 sp=0x0000002eb04fd1d0 mode 3
Event: 14.158 Thread 0x000001e7e246c0c0 DEOPT PACKING pc=0x000001e7eb2d8631 sp=0x0000002eb04fdb50
Event: 14.158 Thread 0x000001e7e246c0c0 DEOPT UNPACKING pc=0x000001e7ea8f4e42 sp=0x0000002eb04fd0e8 mode 0
Event: 22.048 Thread 0x000001e7e246c0c0 DEOPT PACKING pc=0x000001e7eaf0b424 sp=0x0000002eb04fc2d0
Event: 22.048 Thread 0x000001e7e246c0c0 DEOPT UNPACKING pc=0x000001e7ea8f4e42 sp=0x0000002eb04fb828 mode 0
Event: 24.090 Thread 0x000001e7e246c0c0 DEOPT PACKING pc=0x000001e7eaf31e89 sp=0x0000002eb04faf00
Event: 24.090 Thread 0x000001e7e246c0c0 DEOPT UNPACKING pc=0x000001e7ea8f4e42 sp=0x0000002eb04fa408 mode 3
Event: 24.091 Thread 0x000001e7e246c0c0 DEOPT PACKING pc=0x000001e7eaf17f5a sp=0x0000002eb04faec0
Event: 24.091 Thread 0x000001e7e246c0c0 DEOPT UNPACKING pc=0x000001e7ea8f4e42 sp=0x0000002eb04fa408 mode 3

Classes loaded (20 events):
Event: 23.661 Loading class sun/net/www/protocol/http/Handler
Event: 23.662 Loading class sun/net/www/protocol/http/Handler done
Event: 23.841 Loading class java/util/zip/GZIPOutputStream
Event: 23.841 Loading class java/util/zip/DeflaterOutputStream
Event: 23.842 Loading class java/util/zip/DeflaterOutputStream done
Event: 23.842 Loading class java/util/zip/GZIPOutputStream done
Event: 23.842 Loading class java/util/zip/GZIPInputStream
Event: 23.844 Loading class java/util/zip/GZIPInputStream done
Event: 25.308 Loading class sun/reflect/annotation/AnnotationInvocationHandler$1
Event: 25.314 Loading class sun/reflect/annotation/AnnotationInvocationHandler$1 done
Event: 27.063 Loading class java/util/EnumMap$EntrySet
Event: 27.064 Loading class java/util/EnumMap$EntrySet done
Event: 27.064 Loading class java/util/EnumMap$EntryIterator
Event: 27.064 Loading class java/util/EnumMap$EnumMapIterator
Event: 27.064 Loading class java/util/EnumMap$EnumMapIterator done
Event: 27.064 Loading class java/util/EnumMap$EntryIterator done
Event: 28.039 Loading class java/util/EmptyStackException
Event: 28.039 Loading class java/util/EmptyStackException done
Event: 28.112 Loading class java/io/InvalidClassException
Event: 28.114 Loading class java/io/InvalidClassException done

Classes unloaded (0 events):
No events

Classes redefined (0 events):
No events

Internal exceptions (20 events):
Event: 20.098 Thread 0x000001e7e246c0c0 Exception <a 'java/lang/NoSuchMethodError'{0x0000000086055208}: 'java.lang.Object java.lang.invoke.DirectMethodHandle$Holder.invokeSpecial(java.lang.Object, java.lang.Object, java.lang.Object, java.lang.Object, java.lang.Object, java.lang.Object, java.lang.Object, java.lang.Object, java.lang.Object, java.lang.Object, java.lang.Object, java.lang.Object, java.lang.Object)'> (0x0000000086055208) 
thrown [s\open\src\hotspot\share\interpreter\linkResolver.cpp, line 773]
Event: 20.098 Thread 0x000001e7e246c0c0 Exception <a 'java/lang/NoSuchMethodError'{0x00000000860596e0}: 'java.lang.Object java.lang.invoke.Invokers$Holder.linkToTargetMethod(java.lang.Object, java.lang.Object, java.lang.Object, java.lang.Object, java.lang.Object, java.lang.Object, java.lang.Object, java.lang.Object, java.lang.Object, java.lang.Object, java.lang.Object, java.lang.Object)'> (0x00000000860596e0) 
thrown [s\open\src\hotspot\share\interpreter\linkResolver.cpp, line 773]
Event: 20.216 Thread 0x000001e7e246c0c0 Exception <a 'java/lang/NoSuchMethodError'{0x0000000085e6ff28}: 'java.lang.Object java.lang.invoke.DirectMethodHandle$Holder.newInvokeSpecial(java.lang.Object, java.lang.Object, int, java.lang.Object, int, java.lang.Object, java.lang.Object)'> (0x0000000085e6ff28) 
thrown [s\open\src\hotspot\share\interpreter\linkResolver.cpp, line 773]
Event: 20.246 Thread 0x000001e7e246c0c0 Exception <a 'java/lang/NoSuchMethodError'{0x0000000085edbdd8}: 'java.lang.Object java.lang.invoke.DirectMethodHandle$Holder.newInvokeSpecial(java.lang.Object, java.lang.Object, java.lang.Object, java.lang.Object, java.lang.Object, java.lang.Object, java.lang.Object, int)'> (0x0000000085edbdd8) 
thrown [s\open\src\hotspot\share\interpreter\linkResolver.cpp, line 773]
Event: 20.246 Thread 0x000001e7e246c0c0 Exception <a 'java/lang/NoSuchMethodError'{0x0000000085ee0338}: 'java.lang.Object java.lang.invoke.DirectMethodHandle$Holder.invokeSpecial(java.lang.Object, java.lang.Object, java.lang.Object, java.lang.Object, java.lang.Object, java.lang.Object, java.lang.Object, java.lang.Object, int)'> (0x0000000085ee0338) 
thrown [s\open\src\hotspot\share\interpreter\linkResolver.cpp, line 773]
Event: 20.246 Thread 0x000001e7e246c0c0 Exception <a 'java/lang/NoSuchMethodError'{0x0000000085ee4350}: 'java.lang.Object java.lang.invoke.Invokers$Holder.linkToTargetMethod(java.lang.Object, java.lang.Object, java.lang.Object, java.lang.Object, java.lang.Object, java.lang.Object, int, java.lang.Object)'> (0x0000000085ee4350) 
thrown [s\open\src\hotspot\share\interpreter\linkResolver.cpp, line 773]
Event: 20.825 Thread 0x000001e7e246c0c0 Exception <a 'java/lang/NoSuchMethodError'{0x000000008577b468}: 'java.lang.Object java.lang.invoke.DirectMethodHandle$Holder.invokeSpecial(java.lang.Object, java.lang.Object, int, java.lang.Object, int)'> (0x000000008577b468) 
thrown [s\open\src\hotspot\share\interpreter\linkResolver.cpp, line 773]
Event: 20.962 Thread 0x000001e7e246c0c0 Exception <a 'java/lang/NoSuchMethodError'{0x0000000085406fd8}: 'void java.lang.invoke.Invokers$Holder.invokeExact_MT(java.lang.Object, java.lang.Object, java.lang.Object, java.lang.Object)'> (0x0000000085406fd8) 
thrown [s\open\src\hotspot\share\interpreter\linkResolver.cpp, line 773]
Event: 21.258 Thread 0x000001e7e246c0c0 Exception <a 'java/lang/IncompatibleClassChangeError'{0x0000000084c13c28}: Found class java.lang.Object, but interface was expected> (0x0000000084c13c28) 
thrown [s\open\src\hotspot\share\interpreter\linkResolver.cpp, line 840]
Event: 21.579 Thread 0x000001e7e246c0c0 Exception <a 'java/lang/IncompatibleClassChangeError'{0x0000000084af38a0}: Found class java.lang.Object, but interface was expected> (0x0000000084af38a0) 
thrown [s\open\src\hotspot\share\interpreter\linkResolver.cpp, line 840]
Event: 21.772 Thread 0x000001e7e246c0c0 Exception <a 'java/lang/IncompatibleClassChangeError'{0x0000000089bb9170}: Found class java.lang.Object, but interface was expected> (0x0000000089bb9170) 
thrown [s\open\src\hotspot\share\interpreter\linkResolver.cpp, line 840]
Event: 22.182 Thread 0x000001e7e246c0c0 Exception <a 'java/lang/IncompatibleClassChangeError'{0x0000000086405670}: Found class java.lang.Object, but interface was expected> (0x0000000086405670) 
thrown [s\open\src\hotspot\share\interpreter\linkResolver.cpp, line 840]
Event: 22.460 Thread 0x000001e7e246c0c0 Exception <a 'java/lang/IncompatibleClassChangeError'{0x0000000085c2d5d8}: Found class java.lang.Object, but interface was expected> (0x0000000085c2d5d8) 
thrown [s\open\src\hotspot\share\interpreter\linkResolver.cpp, line 840]
Event: 23.063 Thread 0x000001e7e246c0c0 Exception <a 'java/lang/NoSuchMethodError'{0x0000000085199850}: 'java.lang.Object java.lang.invoke.DirectMethodHandle$Holder.newInvokeSpecial(java.lang.Object, java.lang.Object, int, java.lang.Object, java.lang.Object)'> (0x0000000085199850) 
thrown [s\open\src\hotspot\share\interpreter\linkResolver.cpp, line 773]
Event: 23.160 Thread 0x000001e7e246c0c0 Exception <a 'java/lang/NoSuchMethodError'{0x0000000084f599e8}: 'java.lang.Object java.lang.invoke.DirectMethodHandle$Holder.newInvokeSpecial(java.lang.Object, java.lang.Object, java.lang.Object, java.lang.Object, java.lang.Object, java.lang.Object, java.lang.Object, java.lang.Object)'> (0x0000000084f599e8) 
thrown [s\open\src\hotspot\share\interpreter\linkResolver.cpp, line 773]
Event: 23.585 Thread 0x000001e7e246c0c0 Exception <a 'java/lang/NoSuchMethodError'{0x00000000864999f8}: 'void java.lang.invoke.Invokers$Holder.invokeExact_MT(java.lang.Object, java.lang.Object, int, java.lang.Object)'> (0x00000000864999f8) 
thrown [s\open\src\hotspot\share\interpreter\linkResolver.cpp, line 773]
Event: 23.805 Thread 0x000001e7e246c0c0 Exception <a 'java/lang/NoSuchMethodError'{0x00000000860e5cd0}: 'void java.lang.invoke.DirectMethodHandle$Holder.invokeStatic(java.lang.Object, java.lang.Object, java.lang.Object, int)'> (0x00000000860e5cd0) 
thrown [s\open\src\hotspot\share\interpreter\linkResolver.cpp, line 773]
Event: 24.179 Thread 0x000001e7e246c0c0 Exception <a 'java/lang/IncompatibleClassChangeError'{0x0000000085a3c7c8}: Found class java.lang.Object, but interface was expected> (0x0000000085a3c7c8) 
thrown [s\open\src\hotspot\share\interpreter\linkResolver.cpp, line 840]
Event: 26.065 Thread 0x000001e7e246c0c0 Exception <a 'java/lang/NullPointerException'{0x0000000089b63710}> (0x0000000089b63710) 
thrown [s\open\src\hotspot\share\interpreter\linkResolver.cpp, line 1372]
Event: 26.259 Thread 0x000001e7e246c0c0 Exception <a 'java/lang/NullPointerException'{0x0000000086293d48}> (0x0000000086293d48) 
thrown [s\open\src\hotspot\share\interpreter\linkResolver.cpp, line 1372]

ZGC Phase Switch (0 events):
No events

VM Operations (20 events):
Event: 24.976 Executing VM operation: G1PauseRemark
Event: 24.994 Executing VM operation: G1PauseRemark done
Event: 25.031 Executing VM operation: G1PauseCleanup
Event: 25.053 Executing VM operation: G1PauseCleanup done
Event: 26.041 Executing VM operation: G1CollectForAllocation (G1 Evacuation Pause)
Event: 26.049 Executing VM operation: G1CollectForAllocation (G1 Evacuation Pause) done
Event: 27.055 Executing VM operation: Cleanup
Event: 27.056 Executing VM operation: Cleanup done
Event: 27.495 Executing VM operation: G1CollectForAllocation (G1 Evacuation Pause)
Event: 27.504 Executing VM operation: G1CollectForAllocation (G1 Evacuation Pause) done
Event: 28.246 Executing VM operation: HandshakeAllThreads (Deoptimize)
Event: 28.246 Executing VM operation: HandshakeAllThreads (Deoptimize) done
Event: 28.810 Executing VM operation: G1CollectForAllocation (G1 Evacuation Pause)
Event: 28.822 Executing VM operation: G1CollectForAllocation (G1 Evacuation Pause) done
Event: 28.929 Executing VM operation: G1PauseRemark
Event: 28.952 Executing VM operation: G1PauseRemark done
Event: 28.997 Executing VM operation: G1PauseCleanup
Event: 28.998 Executing VM operation: G1PauseCleanup done
Event: 29.044 Executing VM operation: HandshakeAllThreads (Deoptimize)
Event: 29.044 Executing VM operation: HandshakeAllThreads (Deoptimize) done

Events (20 events):
Event: 28.949 Thread 0x000001e7f2bed990 flushing nmethod 0x000001e7eab9a610
Event: 28.949 Thread 0x000001e7f2bed990 flushing nmethod 0x000001e7eab91910
Event: 28.949 Thread 0x000001e7f2bed990 flushing nmethod 0x000001e7eab66790
Event: 28.949 Thread 0x000001e7f2bed990 flushing nmethod 0x000001e7eab88710
Event: 28.949 Thread 0x000001e7f2bed990 flushing nmethod 0x000001e7eab88110
Event: 28.949 Thread 0x000001e7f2bed990 flushing nmethod 0x000001e7eab87e10
Event: 28.949 Thread 0x000001e7f2bed990 flushing nmethod 0x000001e7eab65390
Event: 28.949 Thread 0x000001e7f2bed990 flushing nmethod 0x000001e7eab91290
Event: 28.949 Thread 0x000001e7f2bed990 flushing nmethod 0x000001e7eab89490
Event: 28.949 Thread 0x000001e7f2bed990 flushing nmethod 0x000001e7eab8cb90
Event: 28.949 Thread 0x000001e7f2bed990 flushing nmethod 0x000001e7eab64010
Event: 28.949 Thread 0x000001e7f2bed990 flushing nmethod 0x000001e7eab63d10
Event: 28.949 Thread 0x000001e7f2bed990 flushing nmethod 0x000001e7eab5f110
Event: 28.949 Thread 0x000001e7f2bed990 flushing nmethod 0x000001e7eab67d90
Event: 28.949 Thread 0x000001e7f2bed990 flushing nmethod 0x000001e7eab41190
Event: 28.949 Thread 0x000001e7f2bed990 flushing nmethod 0x000001e7ea9b0790
Event: 28.949 Thread 0x000001e7f2bed990 flushing nmethod 0x000001e7eaacf690
Event: 28.949 Thread 0x000001e7f2bed990 flushing nmethod 0x000001e7eaa42510
Event: 28.949 Thread 0x000001e7f2bed990 flushing nmethod 0x000001e7ea9b1b10
Event: 28.949 Thread 0x000001e7f2bed990 flushing nmethod 0x000001e7ea9ad390


Dynamic libraries:
0x00007ff7f7050000 - 0x00007ff7f705e000 	C:\Users\User\.jdks\openjdk-21.0.1\bin\java.exe
0x00007ffdd7ad0000 - 0x00007ffdd7cc8000 	C:\WINDOWS\SYSTEM32\ntdll.dll
0x00007ffd8bda0000 - 0x00007ffd8bdc1000 	C:\Program Files\Avast Software\Avast\aswhook.dll
0x00007ffdd5b50000 - 0x00007ffdd5c12000 	C:\WINDOWS\System32\KERNEL32.DLL
0x00007ffdd57c0000 - 0x00007ffdd5ab6000 	C:\WINDOWS\System32\KERNELBASE.dll
0x00007ffdd53a0000 - 0x00007ffdd54a0000 	C:\WINDOWS\System32\ucrtbase.dll
0x00007ffdd1720000 - 0x00007ffdd1738000 	C:\Users\User\.jdks\openjdk-21.0.1\bin\jli.dll
0x00007ffdd0340000 - 0x00007ffdd035b000 	C:\Users\User\.jdks\openjdk-21.0.1\bin\VCRUNTIME140.dll
0x00007ffdd6de0000 - 0x00007ffdd6f81000 	C:\WINDOWS\System32\USER32.dll
0x00007ffdd5ac0000 - 0x00007ffdd5ae2000 	C:\WINDOWS\System32\win32u.dll
0x00007ffdd6390000 - 0x00007ffdd63bb000 	C:\WINDOWS\System32\GDI32.dll
0x00007ffdba930000 - 0x00007ffdbabcb000 	C:\WINDOWS\WinSxS\amd64_microsoft.windows.common-controls_6595b64144ccf1df_6.0.19041.6456_none_60b8a6cb71f64256\COMCTL32.dll
0x00007ffdd5280000 - 0x00007ffdd5399000 	C:\WINDOWS\System32\gdi32full.dll
0x00007ffdd7860000 - 0x00007ffdd78fe000 	C:\WINDOWS\System32\msvcrt.dll
0x00007ffdd51e0000 - 0x00007ffdd527d000 	C:\WINDOWS\System32\msvcp_win.dll
0x00007ffdd6c20000 - 0x00007ffdd6c4f000 	C:\WINDOWS\System32\IMM32.DLL
0x00007ffdd1f20000 - 0x00007ffdd1f2c000 	C:\Users\User\.jdks\openjdk-21.0.1\bin\vcruntime140_1.dll
0x00007ffda7090000 - 0x00007ffda711e000 	C:\Users\User\.jdks\openjdk-21.0.1\bin\msvcp140.dll
0x00007ffd69880000 - 0x00007ffd6a595000 	C:\Users\User\.jdks\openjdk-21.0.1\bin\server\jvm.dll
0x00007ffdd63c0000 - 0x00007ffdd6471000 	C:\WINDOWS\System32\ADVAPI32.dll
0x00007ffdd6980000 - 0x00007ffdd6a1f000 	C:\WINDOWS\System32\sechost.dll
0x00007ffdd71d0000 - 0x00007ffdd72f0000 	C:\WINDOWS\System32\RPCRT4.dll
0x00007ffdd5790000 - 0x00007ffdd57b7000 	C:\WINDOWS\System32\bcrypt.dll
0x00007ffdd7900000 - 0x00007ffdd796b000 	C:\WINDOWS\System32\WS2_32.dll
0x00007ffdd4660000 - 0x00007ffdd46ab000 	C:\WINDOWS\SYSTEM32\POWRPROF.dll
0x00007ffdbbe60000 - 0x00007ffdbbe87000 	C:\WINDOWS\SYSTEM32\WINMM.dll
0x00007ffdcf480000 - 0x00007ffdcf48a000 	C:\WINDOWS\SYSTEM32\VERSION.dll
0x00007ffdd4520000 - 0x00007ffdd4532000 	C:\WINDOWS\SYSTEM32\UMPDC.dll
0x00007ffdd3930000 - 0x00007ffdd3942000 	C:\WINDOWS\SYSTEM32\kernel.appcore.dll
0x00007ffdd16e0000 - 0x00007ffdd16ea000 	C:\Users\User\.jdks\openjdk-21.0.1\bin\jimage.dll
0x00007ffdd36f0000 - 0x00007ffdd38f1000 	C:\WINDOWS\SYSTEM32\DBGHELP.DLL
0x00007ffdcb720000 - 0x00007ffdcb754000 	C:\WINDOWS\SYSTEM32\dbgcore.DLL
0x00007ffdd5600000 - 0x00007ffdd5682000 	C:\WINDOWS\System32\bcryptPrimitives.dll
0x00007ffdce0f0000 - 0x00007ffdce0ff000 	C:\Users\User\.jdks\openjdk-21.0.1\bin\instrument.dll
0x00007ffdce110000 - 0x00007ffdce12f000 	C:\Users\User\.jdks\openjdk-21.0.1\bin\java.dll
0x00007ffdd5c20000 - 0x00007ffdd6390000 	C:\WINDOWS\System32\SHELL32.dll
0x00007ffdd2e80000 - 0x00007ffdd3625000 	C:\WINDOWS\SYSTEM32\windows.storage.dll
0x00007ffdd7500000 - 0x00007ffdd7854000 	C:\WINDOWS\System32\combase.dll
0x00007ffdd4ab0000 - 0x00007ffdd4adb000 	C:\WINDOWS\SYSTEM32\Wldp.dll
0x00007ffdd7430000 - 0x00007ffdd74fd000 	C:\WINDOWS\System32\OLEAUT32.dll
0x00007ffdd7380000 - 0x00007ffdd742d000 	C:\WINDOWS\System32\SHCORE.dll
0x00007ffdd6d80000 - 0x00007ffdd6ddb000 	C:\WINDOWS\System32\shlwapi.dll
0x00007ffdd5090000 - 0x00007ffdd50b4000 	C:\WINDOWS\SYSTEM32\profapi.dll
0x00007ffdb7fa0000 - 0x00007ffdb7fb8000 	C:\Users\User\.jdks\openjdk-21.0.1\bin\zip.dll
0x00007ffdce0e0000 - 0x00007ffdce0f0000 	C:\Users\User\.jdks\openjdk-21.0.1\bin\net.dll
0x00007ffdcc7b0000 - 0x00007ffdcc8ba000 	C:\WINDOWS\SYSTEM32\WINHTTP.dll
0x00007ffdd4890000 - 0x00007ffdd48fa000 	C:\WINDOWS\system32\mswsock.dll
0x00007ffdb7fc0000 - 0x00007ffdb7fd6000 	C:\Users\User\.jdks\openjdk-21.0.1\bin\nio.dll
0x00007ffdd4580000 - 0x00007ffdd464a000 	C:\WINDOWS\SYSTEM32\DNSAPI.dll
0x00007ffdd4540000 - 0x00007ffdd457b000 	C:\WINDOWS\SYSTEM32\IPHLPAPI.DLL
0x00007ffdd6480000 - 0x00007ffdd6488000 	C:\WINDOWS\System32\NSI.dll
0x00007ffdc8ef0000 - 0x00007ffdc8efa000 	C:\Windows\System32\rasadhlp.dll
0x00007ffdca7a0000 - 0x00007ffdca820000 	C:\WINDOWS\System32\fwpuclnt.dll
0x00007ffdb9ad0000 - 0x00007ffdb9ada000 	C:\Users\User\.jdks\openjdk-21.0.1\bin\management.dll
0x00007ffdb7f90000 - 0x00007ffdb7f97000 	C:\Users\User\.jdks\openjdk-21.0.1\bin\extnet.dll
0x00007ffdb7c30000 - 0x00007ffdb7c3b000 	C:\Users\User\.jdks\openjdk-21.0.1\bin\management_ext.dll
0x00007ffdd71a0000 - 0x00007ffdd71a8000 	C:\WINDOWS\System32\PSAPI.DLL
0x00007ffdd4df0000 - 0x00007ffdd4e08000 	C:\WINDOWS\SYSTEM32\CRYPTSP.dll
0x00007ffdd4160000 - 0x00007ffdd4198000 	C:\WINDOWS\system32\rsaenh.dll
0x00007ffdd5010000 - 0x00007ffdd503e000 	C:\WINDOWS\SYSTEM32\USERENV.dll
0x00007ffdd4a20000 - 0x00007ffdd4a2c000 	C:\WINDOWS\SYSTEM32\CRYPTBASE.dll
0x00007ffdad430000 - 0x00007ffdad447000 	C:\WINDOWS\system32\napinsp.dll
0x00007ffdad410000 - 0x00007ffdad42b000 	C:\WINDOWS\system32\pnrpnsp.dll
0x00007ffdad3f0000 - 0x00007ffdad40d000 	C:\WINDOWS\system32\wshbth.dll
0x00007ffdcf490000 - 0x00007ffdcf4ad000 	C:\WINDOWS\system32\NLAapi.dll
0x00007ffdad3a0000 - 0x00007ffdad3b2000 	C:\WINDOWS\System32\winrnr.dll
0x00007ffdb0db0000 - 0x00007ffdb0e01000 	C:\WINDOWS\SYSTEM32\pdh.dll
0x00007ffdcedb0000 - 0x00007ffdcedbf000 	C:\WINDOWS\System32\perfproc.dll
0x00007ffdd16d0000 - 0x00007ffdd16df000 	C:\WINDOWS\System32\perfos.dll
0x00007ffd870e0000 - 0x00007ffd870ee000 	C:\Users\User\.jdks\openjdk-21.0.1\bin\sunmscapi.dll
0x00007ffdd54a0000 - 0x00007ffdd55fd000 	C:\WINDOWS\System32\CRYPT32.dll
0x00007ffdd4b20000 - 0x00007ffdd4b47000 	C:\WINDOWS\SYSTEM32\ncrypt.dll
0x00007ffdd4ae0000 - 0x00007ffdd4b1b000 	C:\WINDOWS\SYSTEM32\NTASN1.dll
0x00007ffdb7bd0000 - 0x00007ffdb7be0000 	C:\Users\User\.jdks\openjdk-21.0.1\bin\verify.dll

dbghelp: loaded successfully - version: 4.0.5 - missing functions: none
symbol engine: initialized successfully - sym options: 0x614 - pdb path: .;C:\Users\User\.jdks\openjdk-21.0.1\bin;C:\WINDOWS\SYSTEM32;C:\Program Files\Avast Software\Avast;C:\WINDOWS\WinSxS\amd64_microsoft.windows.common-controls_6595b64144ccf1df_6.0.19041.6456_none_60b8a6cb71f64256;C:\Users\User\.jdks\openjdk-21.0.1\bin\server

VM Arguments:
jvm_args: -XX:TieredStopAtLevel=1 -Dspring.output.ansi.enabled=always -Dcom.sun.management.jmxremote -Dspring.jmx.enabled=true -Dspring.liveBeansView.mbeanDomain -Dspring.application.admin.enabled=true -Dmanagement.endpoints.jmx.exposure.include=* -javaagent:C:\Program Files\JetBrains\IntelliJ IDEA 2026.1\lib\idea_rt.jar=49215 -Dfile.encoding=UTF-8 -Dsun.stdout.encoding=UTF-8 -Dsun.stderr.encoding=UTF-8 
java_command: com.autoskola.trainingservice.TrainingServiceApplication
java_class_path (initial): C:\Users\User\IdeaProjects\NWT-DriveSchool\training-and-scheduling-service\target\classes;C:\Users\User\.m2\repository\org\springframework\boot\spring-boot-starter-data-jpa\3.2.4\spring-boot-starter-data-jpa-3.2.4.jar;C:\Users\User\.m2\repository\org\springframework\boot\spring-boot-starter-aop\3.2.4\spring-boot-starter-aop-3.2.4.jar;C:\Users\User\.m2\repository\org\aspectj\aspectjweaver\1.9.21\aspectjweaver-1.9.21.jar;C:\Users\User\.m2\repository\org\springframework\boot\spring-boot-starter-jdbc\3.2.4\spring-boot-starter-jdbc-3.2.4.jar;C:\Users\User\.m2\repository\com\zaxxer\HikariCP\5.0.1\HikariCP-5.0.1.jar;C:\Users\User\.m2\repository\org\springframework\spring-jdbc\6.1.5\spring-jdbc-6.1.5.jar;C:\Users\User\.m2\repository\org\hibernate\orm\hibernate-core\6.4.4.Final\hibernate-core-6.4.4.Final.jar;C:\Users\User\.m2\repository\jakarta\persistence\jakarta.persistence-api\3.1.0\jakarta.persistence-api-3.1.0.jar;C:\Users\User\.m2\repository\jakarta\transaction\jakarta.transaction-api\2.0.1\jakarta.transaction-api-2.0.1.jar;C:\Users\User\.m2\repository\org\jboss\logging\jboss-logging\3.5.3.Final\jboss-logging-3.5.3.Final.jar;C:\Users\User\.m2\repository\org\hibernate\common\hibernate-commons-annotations\6.0.6.Final\hibernate-commons-annotations-6.0.6.Final.jar;C:\Users\User\.m2\repository\io\smallrye\jandex\3.1.2\jandex-3.1.2.jar;C:\Users\User\.m2\repository\com\fasterxml\classmate\1.6.0\classmate-1.6.0.jar;C:\Users\User\.m2\repository\net\bytebuddy\byte-buddy\1.14.12\byte-buddy-1.14.12.jar;C:\Users\User\.m2\repository\org\glassfish\jaxb\jaxb-runtime\4.0.5\jaxb-runtime-4.0.5.jar;C:\Users\User\.m2\repository\org\glassfish\jaxb\jaxb-core\4.0.5\jaxb-core-4.0.5.jar;C:\Users\User\.m2\repository\org\eclipse\angus\angus-activation\2.0.2\angus-activation-2.0.2.jar;C:\Users\User\.m2\repository\org\glassfish\jaxb\txw2\4.0.5\txw2-4.0.5.jar;C:\Users\User\.m2\repository\com\sun\istack\istack-commons-runtime\4.1.2\istack-commons-runtime-4.1.2.jar;C:\Users\User\.m2\repository\jakarta\inject\jakarta.inject-api\2.0.1\jakarta.inject-api-2.0.1.jar;C:\Users\User\.m2\repository\org\antlr\antlr4-runtime\4.13.0\antlr4-runtime-4.13.0.jar;C:\Users\User\.m2\repository\org\springframework\data\spring-data-jpa\3.2.4\spring-data-jpa-3.2.4.jar;C:\Users\User\.m2\repository\org\springframework\data\spring-data-commons\3.2.4\spring-data-commons-3.2.4.jar;C:\Users\User\.m2\repository\org\springframework\spring-orm\6.1.5\spring-orm-6.1.5.jar;C:\Users\User\.m2\repository\org\springframework\spring-context\6.1.5\spring-context-6.1.5.jar;C:\Users\User\.m2\repository\org\springframework\spring-tx\6.1.5\spring-tx-6.1.5.jar;C:\Users\User\.m2\repository\jakarta\annotation\jakarta.annotation-api\2.1.1\jakarta.annotation-api-2.1.1.jar;C:\Users\User\.m2\repository\org\slf4j\slf4j-api\2.0.12\slf4j-api-2.0.12.jar;C:\Users\User\.m2\repository\org\springframework\spring-aspects\6.1.5\spring-aspects-6.1.5.jar;C:\Users\User\.m2\repository\org\springframework\boot\spring-boot-starter-web\3.2.4\spring-boot-starter-web-3.2.4.jar;C:\Users\User\.m2\repository\org\springframework\boot\spring-boot-starter\3.2.4\spring-boot-starter-3.2.4.jar;C:\Users\User\.m2\repository\org\springframework\boot\spring-boot\3.2.4\spring-boot-3.2.4.jar;C:\Users\User\.m2\repository\org\springframework\boot\spring-boot-autoconfigure\3.2.4\spring-boot-autoconfigure-3.2.4.jar;C:\Users\User\.m2\repository\org\springframework\boot\spring-boot-starter-logging\3.2.4\spring-boot-starter-logging-3.2.4.jar;C:\Users\User\.m2\repository\ch\qos\logback\logback-classic\1.4.14\logback-classic-1.4.14.jar;C:\Users\User\.m2\repository\ch\qos\logback\logback-core\1.4.14\logback-core-1.4.14.jar;C:\Users\User\.m2\repository\org\apache\logging\log4j\log4j-to-slf4j\2.21.1\log4j-to-slf4j-2.21.1.jar;C:\Users\User\.m2\repository\org\apache\logging\log4j\log4j-api\2.21.1\log4j-api-2.21.1.jar;C:\Users\User\.m2\repository\org\slf4j\jul-to-slf4j\2.0.12\jul-to-slf4j-2.0.12.jar;C:\Users\User\.m2\repository\org\yaml\snakeyaml\2.2\snakeyaml-2.2.jar;C:\Users\User\.m2\repository\org\springframework\boot\spring-boot-starter-json\3.2.4\spring-boot-starter-json-3.2.4.jar;C:\Users\User\.m2\repository\com\fasterxml\jackson\datatype\jackson-datatype-jdk8\2.15.4\jackson-datatype-jdk8-2.15.4.jar;C:\Users\User\.m2\repository\com\fasterxml\jackson\datatype\jackson-datatype-jsr310\2.15.4\jackson-datatype-jsr310-2.15.4.jar;C:\Users\User\.m2\repository\com\fasterxml\jackson\module\jackson-module-parameter-names\2.15.4\jackson-module-parameter-names-2.15.4.jar;C:\Users\User\.m2\repository\org\springframework\boot\spring-boot-starter-tomcat\3.2.4\spring-boot-starter-tomcat-3.2.4.jar;C:\Users\User\.m2\repository\org\apache\tomcat\embed\tomcat-embed-core\10.1.19\tomcat-embed-core-10.1.19.jar;C:\Users\User\.m2\repository\org\apache\tomcat\embed\tomcat-embed-websocket\10.1.19\tomcat-embed-websocket-10.1.19.jar;C:\Users\User\.m2\repository\org\springframework\spring-webmvc\6.1.5\spring-webmvc-6.1.5.jar;C:\Users\User\.m2\repository\org\springframework\spring-expression\6.1.5\spring-expression-6.1.5.jar;C:\Users\User\.m2\repository\org\springframework\cloud\spring-cloud-starter-netflix-eureka-client\4.1.1\spring-cloud-starter-netflix-eureka-client-4.1.1.jar;C:\Users\User\.m2\repository\org\springframework\cloud\spring-cloud-starter\4.1.2\spring-cloud-starter-4.1.2.jar;C:\Users\User\.m2\repository\org\springframework\cloud\spring-cloud-context\4.1.2\spring-cloud-context-4.1.2.jar;C:\Users\User\.m2\repository\org\springframework\security\spring-security-rsa\1.1.2\spring-security-rsa-1.1.2.jar;C:\Users\User\.m2\repository\org\bouncycastle\bcprov-jdk18on\1.77\bcprov-jdk18on-1.77.jar;C:\Users\User\.m2\repository\org\springframework\cloud\spring-cloud-netflix-eureka-client\4.1.1\spring-cloud-netflix-eureka-client-4.1.1.jar;C:\Users\User\.m2\repository\org\apache\httpcomponents\client5\httpclient5\5.2.3\httpclient5-5.2.3.jar;C:\Users\User\.m2\repository\org\apache\httpcomponents\core5\httpcore5\5.2.4\httpcore5-5.2.4.jar;C:\Users\User\.m2\repository\org\apache\httpcomponents\core5\httpcore5-h2\5.2.4\httpcore5-h2-5.2.4.jar;C:\Users\User\.m2\repository\com\netflix\eureka\eureka-client\2.0.2\eureka-client-2.0.2.jar;C:\Users\User\.m2\repository\com\netflix\netflix-commons\netflix-eventbus\0.3.0\netflix-eventbus-0.3.0.jar;C:\Users\User\.m2\repository\com\netflix\netflix-commons\netflix-infix\0.3.0\netflix-infix-0.3.0.jar;C:\Users\User\.m2\repository\commons-jxpath\commons-jxpath\1.3\commons-jxpath-1.3.jar;C:\Users\User\.m2\repository\joda-time\joda-time\2.3\joda-time-2.3.jar;C:\Users\User\.m2\repository\org\antlr\antlr-runtime\3.4\antlr-runtime-3.4.jar;C:\Users\User\.m2\repository\org\antlr\stringtemplate\3.2.1\stringtemplate-3.2.1.jar;C:\Users\User\.m2\repository\antlr\antlr\2.7.7\antlr-2.7.7.jar;C:\Users\User\.m2\repository\com\google\code\gson\gson\2.10.1\gson-2.10.1.jar;C:\Users\User\.m2\repository\org\apache\commons\commons-math\2.2\commons-math-2.2.jar;C:\Users\User\.m2\repository\com\thoughtworks\xstream\xstream\1.4.19\xstream-1.4.19.jar;C:\Users\User\.m2\repository\io\github\x-stream\mxparser\1.2.2\mxparser-1.2.2.jar;C:\Users\User\.m2\repository\xmlpull\xmlpull\1.1.3.1\xmlpull-1.1.3.1.jar;C:\Users\User\.m2\repository\jakarta\ws\rs\jakarta.ws.rs-api\3.1.0\jakarta.ws.rs-api-3.1.0.jar;C:\Users\User\.m2\repository\com\netflix\servo\servo-core\0.12.21\servo-core-0.12.21.jar;C:\Users\User\.m2\repository\com\google\guava\guava\19.0\guava-19.0.jar;C:\Users\User\.m2\repository\org\apache\httpcomponents\httpclient\4.5.3\httpclient-4.5.3.jar;C:\Users\User\.m2\repository\org\apache\httpcomponents\httpcore\4.4.16\httpcore-4.4.16.jar;C:\Users\User\.m2\repository\commons-codec\commons-codec\1.16.1\commons-codec-1.16.1.jar;C:\Users\User\.m2\repository\commons-configuration\commons-configuration\1.10\commons-configuration-1.10.jar;C:\Users\User\.m2\repository\commons-lang\commons-lang\2.6\commons-lang-2.6.jar;C:\Users\User\.m2\repository\com\fasterxml\jackson\core\jackson-annotations\2.15.4\jackson-annotations-2.15.4.jar;C:\Users\User\.m2\repository\com\fasterxml\jackson\core\jackson-core\2.15.4\jackson-core-2.15.4.jar;C:\Users\User\.m2\repository\org\codehaus\jettison\jettison\1.5.4\jettison-1.5.4.jar;C:\Users\User\.m2\repository\com\netflix\eureka\eureka-core\2.0.2\eureka-core-2.0.2.jar;C:\Users\User\.m2\repository\com\fasterxml\woodstox\woodstox-core\6.2.1\woodstox-core-6.2.1.jar;C:\Users\User\.m2\repository\org\codehaus\woodstox\stax2-api\4.2.1\stax2-api-4.2.1.jar;C:\Users\User\.m2\repository\org\springframework\boot\spring-boot-starter-actuator\3.2.4\spring-boot-starter-actuator-3.2.4.jar;C:\Users\User\.m2\repository\org\springframework\boot\spring-boot-actuator-autoconfigure\3.2.4\spring-boot-actuator-autoconfigure-3.2.4.jar;C:\Users\User\.m2\repository\org\springframework\boot\spring-boot-actuator\3.2.4\spring-boot-actuator-3.2.4.jar;C:\Users\User\.m2\repository\io\micrometer\micrometer-observation\1.12.4\micrometer-observation-1.12.4.jar;C:\Users\User\.m2\repository\io\micrometer\micrometer-commons\1.12.4\micrometer-commons-1.12.4.jar;C:\Users\User\.m2\repository\io\micrometer\micrometer-jakarta9\1.12.4\micrometer-jakarta9-1.12.4.jar;C:\Users\User\.m2\repository\io\micrometer\micrometer-core\1.12.4\micrometer-core-1.12.4.jar;C:\Users\User\.m2\repository\org\hdrhistogram\HdrHistogram\2.1.12\HdrHistogram-2.1.12.jar;C:\Users\User\.m2\repository\org\latencyutils\LatencyUtils\2.0.3\LatencyUtils-2.0.3.jar;C:\Users\User\.m2\repository\com\mysql\mysql-connector-j\8.3.0\mysql-connector-j-8.3.0.jar;C:\Users\User\.m2\repository\org\projectlombok\lombok\1.18.30\lombok-1.18.30.jar;C:\Users\User\.m2\repository\org\springframework\cloud\spring-cloud-starter-loadbalancer\4.1.2\spring-cloud-starter-loadbalancer-4.1.2.jar;C:\Users\User\.m2\repository\org\springframework\cloud\spring-cloud-loadbalancer\4.1.2\spring-cloud-loadbalancer-4.1.2.jar;C:\Users\User\.m2\repository\io\projectreactor\reactor-core\3.6.4\reactor-core-3.6.4.jar;C:\Users\User\.m2\repository\org\reactivestreams\reactive-streams\1.0.4\reactive-streams-1.0.4.jar;C:\Users\User\.m2\repository\io\projectreactor\addons\reactor-extra\3.5.1\reactor-extra-3.5.1.jar;C:\Users\User\.m2\repository\org\springframework\boot\spring-boot-starter-cache\3.2.4\spring-boot-starter-cache-3.2.4.jar;C:\Users\User\.m2\repository\org\springframework\spring-context-support\6.1.5\spring-context-support-6.1.5.jar;C:\Users\User\.m2\repository\com\stoyanr\evictor\1.0.0\evictor-1.0.0.jar;C:\Users\User\.m2\repository\org\springframework\boot\spring-boot-starter-validation\3.2.4\spring-boot-starter-validation-3.2.4.jar;C:\Users\User\.m2\repository\org\apache\tomcat\embed\tomcat-embed-el\10.1.19\tomcat-embed-el-10.1.19.jar;C:\Users\User\.m2\repository\org\hibernate\validator\hibernate-validator\8.0.1.Final\hibernate-validator-8.0.1.Final.jar;C:\Users\User\.m2\repository\jakarta\validation\jakarta.validation-api\3.0.2\jakarta.validation-api-3.0.2.jar;C:\Users\User\.m2\repository\org\modelmapper\modelmapper\3.2.0\modelmapper-3.2.0.jar;C:\Users\User\.m2\repository\org\springframework\boot\spring-boot-starter-amqp\3.2.4\spring-boot-starter-amqp-3.2.4.jar;C:\Users\User\.m2\repository\org\springframework\spring-messaging\6.1.5\spring-messaging-6.1.5.jar;C:\Users\User\.m2\repository\org\springframework\amqp\spring-rabbit\3.1.3\spring-rabbit-3.1.3.jar;C:\Users\User\.m2\repository\org\springframework\amqp\spring-amqp\3.1.3\spring-amqp-3.1.3.jar;C:\Users\User\.m2\repository\org\springframework\retry\spring-retry\2.0.5\spring-retry-2.0.5.jar;C:\Users\User\.m2\repository\com\rabbitmq\amqp-client\5.19.0\amqp-client-5.19.0.jar;C:\Users\User\.m2\repository\jakarta\xml\bind\jakarta.xml.bind-api\4.0.2\jakarta.xml.bind-api-4.0.2.jar;C:\Users\User\.m2\repository\jakarta\activation\jakarta.activation-api\2.1.3\jakarta.activation-api-2.1.3.jar;C:\Users\User\.m2\repository\org\springframework\spring-core\6.1.5\spring-core-6.1.5.jar;C:\Users\User\.m2\repository\org\springframework\spring-jcl\6.1.5\spring-jcl-6.1.5.jar;C:\Users\User\.m2\repository\org\springframework\boot\spring-boot-starter-websocket\3.2.4\spring-boot-starter-websocket-3.2.4.jar;C:\Users\User\.m2\repository\org\springframework\spring-websocket\6.1.5\spring-websocket-6.1.5.jar;C:\Users\User\.m2\repository\org\springframework\boot\spring-boot-starter-security\3.2.4\spring-boot-starter-security-3.2.4.jar;C:\Users\User\.m2\repository\org\springframework\spring-aop\6.1.5\spring-aop-6.1.5.jar;C:\Users\User\.m2\repository\org\springframework\security\spring-security-config\6.2.3\spring-security-config-6.2.3.jar;C:\Users\User\.m2\repository\org\springframework\security\spring-security-core\6.2.3\spring-security-core-6.2.3.jar;C:\Users\User\.m2\repository\org\springframework\security\spring-security-web\6.2.3\spring-security-web-6.2.3.jar;C:\Users\User\.m2\repository\io\jsonwebtoken\jjwt-api\0.11.5\jjwt-api-0.11.5.jar;C:\Users\User\.m2\repository\io\jsonwebtoken\jjwt-impl\0.11.5\jjwt-impl-0.11.5.jar;C:\Users\User\.m2\repository\io\jsonwebtoken\jjwt-jackson\0.11.5\jjwt-jackson-0.11.5.jar;C:\Users\User\.m2\repository\com\fasterxml\jackson\core\jackson-databind\2.15.4\jackson-databind-2.15.4.jar;C:\Users\User\.m2\repository\org\springframework\cloud\spring-cloud-starter-openfeign\4.1.1\spring-cloud-starter-openfeign-4.1.1.jar;C:\Users\User\.m2\repository\org\springframework\cloud\spring-cloud-openfeign-core\4.1.1\spring-cloud-openfeign-core-4.1.1.jar;C:\Users\User\.m2\repository\io\github\openfeign\form\feign-form-spring\3.8.0\feign-form-spring-3.8.0.jar;C:\Users\User\.m2\repository\io\github\openfeign\form\feign-form\3.8.0\feign-form-3.8.0.jar;C:\Users\User\.m2\repository\commons-fileupload\commons-fileupload\1.5\commons-fileupload-1.5.jar;C:\Users\User\.m2\repository\commons-io\commons-io\2.11.0\commons-io-2.11.0.jar;C:\Users\User\.m2\repository\org\springframework\cloud\spring-cloud-commons\4.1.2\spring-cloud-commons-4.1.2.jar;C:\Users\User\.m2\repository\org\springframework\security\spring-security-crypto\6.2.3\spring-security-crypto-6.2.3.jar;C:\Users\User\.m2\repository\io\github\openfeign\feign-core\13.2.1\feign-core-13.2.1.jar;C:\Users\User\.m2\repository\io\github\openfeign\feign-slf4j\13.2.1\feign-slf4j-13.2.1.jar;C:\Users\User\.m2\repository\org\springframework\spring-web\6.1.5\spring-web-6.1.5.jar;C:\Users\User\.m2\repository\org\springframework\spring-beans\6.1.5\spring-beans-6.1.5.jar
Launcher Type: SUN_STANDARD

[Global flags]
     intx CICompilerCount                          = 4                                         {product} {ergonomic}
     uint ConcGCThreads                            = 2                                         {product} {ergonomic}
     uint G1ConcRefinementThreads                  = 8                                         {product} {ergonomic}
   size_t G1HeapRegionSize                         = 1048576                                   {product} {ergonomic}
    uintx GCDrainStackTargetSize                   = 64                                        {product} {ergonomic}
   size_t InitialHeapSize                          = 134217728                                 {product} {ergonomic}
     bool ManagementServer                         = true                                      {product} {command line}
   size_t MarkStackSize                            = 4194304                                   {product} {ergonomic}
   size_t MaxHeapSize                              = 2118123520                                {product} {ergonomic}
   size_t MaxNewSize                               = 1270874112                                {product} {ergonomic}
   size_t MinHeapDeltaBytes                        = 1048576                                   {product} {ergonomic}
   size_t MinHeapSize                              = 8388608                                   {product} {ergonomic}
    uintx NonNMethodCodeHeapSize                   = 4096                                   {pd product} {ergonomic}
    uintx NonProfiledCodeHeapSize                  = 0                                      {pd product} {ergonomic}
     bool ProfileInterpreter                       = false                                  {pd product} {command line}
    uintx ProfiledCodeHeapSize                     = 0                                      {pd product} {ergonomic}
   size_t SoftMaxHeapSize                          = 2118123520                             {manageable} {ergonomic}
     intx TieredStopAtLevel                        = 1                                         {product} {command line}
     bool UseCompressedOops                        = true                           {product lp64_product} {ergonomic}
     bool UseG1GC                                  = true                                      {product} {ergonomic}
     bool UseLargePagesIndividualAllocation        = false                                  {pd product} {ergonomic}

Logging:
Log output configuration:
 #0: stdout all=warning uptime,level,tags foldmultilines=false
 #1: stderr all=off uptime,level,tags foldmultilines=false

Environment Variables:
PATH=;;C:\Python310\Scripts\;C:\Python310\;C:\Program Files\Common Files\Oracle\Java\javapath;C:\WINDOWS\system32;C:\WINDOWS;C:\WINDOWS\System32\Wbem;C:\WINDOWS\System32\WindowsPowerShell\v1.0\;C:\WINDOWS\System32\OpenSSH\;C:\Program Files\Git\cmd;C:\Users\User\Desktop\maven\apache-maven-3.9.5\bin;C:\Program Files\dotnet\;C:\Program Files\Microsoft SQL Server\150\Tools\Binn\;C:\Users\User\Desktop\chromedriver-win64\chromedriver-win64;C:\Program Files\PostgreSQL\17\bin;C:\msys64\mingw64\bin;C:\Program Files (x86)\Windows Kits\10\Windows Performance Toolkit\;C:\Program Files\nodejs\;C:\Program Files\Docker\Docker\resources\bin;C:\Users\User\AppData\Local\Programs\Python\Launcher\;C:\Users\User\AppData\Local\Microsoft\WindowsApps;C:\Users\User\AppData\Local\Programs\Microsoft VS Code\bin;C:\Program Files\JetBrains\IntelliJ IDEA 2026.1\bin;C:\Users\User\AppData\Roaming\npm
USERNAME=User
OS=Windows_NT
PROCESSOR_IDENTIFIER=Intel64 Family 6 Model 142 Stepping 12, GenuineIntel
TMP=C:\Users\User\AppData\Local\Temp
TEMP=C:\Users\User\AppData\Local\Temp




Periodic native trim disabled

---------------  S Y S T E M  ---------------

OS:
 Windows 10 , 64 bit Build 19041 (10.0.19041.5915)
OS uptime: 0 days 1:24 hours
Hyper-V role detected

CPU: total 8 (initial active 8) (4 cores per cpu, 2 threads per core) family 6 model 142 stepping 12 microcode 0xb8, cx8, cmov, fxsr, ht, mmx, 3dnowpref, sse, sse2, sse3, ssse3, sse4.1, sse4.2, popcnt, lzcnt, tsc, tscinvbit, avx, avx2, aes, erms, clmul, bmi1, bmi2, adx, fma, vzeroupper, clflush, clflushopt, hv, rdtscp, f16c
Processor Information for all 8 processors :
  Max Mhz: 1800, Current Mhz: 1600, Mhz Limit: 1584

Memory: 4k page, system-wide physical 8078M (393M free)
TotalPageFile size 16422M (AvailPageFile size 7M)
current process WorkingSet (physical memory assigned to process): 264M, peak: 264M
current process commit charge ("private bytes"): 305M, peak: 305M

vm_info: OpenJDK 64-Bit Server VM (21.0.1+12-29) for windows-amd64 JRE (21.0.1+12-29), built on 2023-10-05T13:27:09Z by "mach5one" with MS VC++ 17.1 (VS2022)

END.
